alpha1,alpha2,alpha3
78.16739944645089,122.70220466952064,111.61430493196751
115.00296591751467,73.45241504664862,102.12082237454314
59.791108367507775,56.64113956322862,114.73400675647676
65.51098770641377,68.43389580391197,87.20283071171947
137.00044667647248,62.53750297722122,71.993323966284
63.15519699224674,70.24039960796493,117.89496810502179
92.32415735029672,65.82992979758127,67.87283545188826
92.20388870243782,74.71688661826796,54.90180925505307
51.91652542264206,62.98419151665454,109.10040611086137
99.26376977792579,85.16190914108462,112.03122363552252
101.28917734094817,84.51684548243985,119.60458646297916
101.68359547314454,87.29928447866197,91.15115190852852
94.15486723096102,63.557838284416995,112.15933576832033
66.36412558259373,66.42167372832779,108.48500149633657
77.0979754710971,64.17444014174009,118.42712602011552
100.57839903114295,69.23462983286876,124.7257344466339
110.21297089161239,76.90354559943339,108.26917345481998
106.06154450304861,64.87857086750488,116.23354079611596
88.16123099468307,59.08794755444191,101.30985275567664
66.56032472549043,50.32902074065575,111.97434076090137
75.52410920230128,90.88922124050121,110.14832785294449
101.59127444109801,56.8439596121632,104.91716717959665
100.71830962363971,75.84743227142316,101.11413925772023
92.72443699491885,56.04219228494158,125.52717385354354
96.84793008257506,60.635038289382315,95.63745765288536
82.55420325820224,57.778700226559884,90.87254026680583
71.30711254431841,63.16686032710054,104.8958714964516
82.04228675213061,63.207429722615394,108.7616352994763
106.50512679392476,67.92911475054258,97.8644541515093
122.57116536817858,82.49157737043147,114.4496178565746
113.7281475018525,66.9456984669029,103.9090178316581
53.12380059773791,57.225872515607314,125.33336256197246
87.08460507650712,45.02076280561435,122.51131109705949
120.83711763289493,76.36743695830405,106.77459881983778
99.8293498013493,90.44372669057506,118.08218840315905
89.07767788287529,109.69603950087242,106.1188497475109
80.12309840723967,118.08250262549272,83.85912302103694
92.71787670991424,104.05884493344023,75.37960942360694
74.11271604015397,102.79742384369268,75.64122566247009
66.65397240280198,111.62367814514556,98.74728335515024
95.37941844991937,118.71507980584163,114.9715429665036
121.58372613291283,111.78261363371958,100.02339654344004
70.28859715985493,120.60244420898573,114.35802216622666
96.8822769326251,88.26315899406994,111.1042755889038
111.05101845662122,70.36125989775361,124.88312149322718
72.99248390288032,51.543665933373326,118.0014971736414
87.38877926910065,97.5347470199371,70.92317092390209
87.37659100567404,117.3152402037149,62.44945511586887
73.93497974361641,129.34750326682249,110.66205746625229
121.47074778015154,86.01581992678734,116.59796692915785
83.67489701138614,50.2960846781744,104.22859991091562
71.14794334118717,51.08776105528446,54.139332112340625
66.44870317414522,81.40212251229454,68.24475044527756
119.18539868480511,49.597320563004985,83.472923540223
90.16745217446986,61.12456983117728,67.04891282528669
57.05705234185637,51.561306880747026,67.16095399711703
102.74987042793606,59.42145294378711,77.69327890243264
115.0599198223236,72.19212867750657,120.68514927972707
64.58145305817459,114.21765022415818,95.37243238169957
102.64325673541852,111.6433643843646,79.75660596270232
111.53029225666405,84.94852657575854,73.48152976321522
68.20930061810151,48.97754673567594,124.36386527969898
89.7701283444736,56.14727993660946,124.53457876316988
101.07543335909433,97.31384755377016,98.68208258175483
52.03807113188209,127.2014315215209,122.20988224490878
115.7974562192085,137.73560904624202,97.96320331210443
123.55930289334617,112.47603976133475,73.42248533453576
51.39637173779658,104.67595802021778,46.71711971048116
74.71575429236594,99.21531298273965,64.98837507887457
114.69864059559582,60.53482458178651,77.06341387945155
95.49424254617217,85.39258319665358,89.15459989226599
57.86099711705278,54.49481739737155,121.30639008389782
79.98208128940465,87.81478747025476,87.33285114721993
70.73850139096372,124.96775931117533,57.74334041070369
105.00005109498046,67.32816867383548,88.28661109445075
86.20524128113587,61.87197774959707,102.46303762417334
76.54595582333778,59.152577531686035,111.1621767534525
103.37799780921267,85.97712560848062,62.313381550838294
121.1036741390272,67.6629812585305,80.85505211478119
86.04702742260837,61.835867610754285,81.94734599131309
67.93333213619233,56.29450432812557,81.06605718870856
74.58368782610546,64.24428869339205,86.41855834018929
90.05456555670328,57.84606733797209,110.0968504332941
76.25761094094308,86.81783665193811,113.63150290108322
85.58702989106577,118.24861413057705,86.11756450158958
93.42997812308991,99.98392154736085,123.21568238801675
104.64295592180129,128.9604436875127,88.50690932291158
96.95374205524593,117.18720790550498,73.54822094055632
46.369838248105424,113.74147557076772,69.77842521590301
103.74324860677883,61.58624005520199,75.87904318121642
90.08466765147024,59.808065781609216,66.7047389095974
66.83839758318597,57.83925534062525,103.851541375867
97.02421347456475,76.05808791757647,116.25712136969372
118.51215666495959,114.68208175418036,111.04436432286894
105.18930362197663,123.51087432682799,113.03054179416871
104.1180439020003,97.62743049742518,48.02300233686948
57.914535839521584,77.7849461118755,112.2588477121412
80.81608687164817,60.077356188618985,89.79113461334234
94.83492310739612,97.76622834467945,56.24320941170254
77.35006187389835,111.85567964178934,104.97196436510453
120.53167299173103,84.81156978623645,118.68011745477276
103.96164434448913,113.34970190735787,69.93827499807423
60.079092903479214,89.08281390801841,66.52945763285965
85.72611425146219,49.21315243150578,105.18233861128002
74.68522478919746,110.91533813232999,96.75737618119079
91.40119762857637,103.96584433520108,102.58852657633857
93.90544527651437,65.88435342232849,117.28580521698868
63.67372571285656,99.50718941110136,54.60521805942523
107.00081434326634,52.9349875458084,114.23380056376205
77.71718581833926,99.27672151810593,116.95598007256706
108.02756976209916,100.14478380714958,115.13573531781135
89.64820218423857,126.47073452396852,47.36001485676483
67.34868651852776,76.0695913043684,125.21104294493728
119.40511536433297,88.84929556339094,77.88400045719641
96.58939656403773,99.6487870077733,82.3869853505614
72.08143714723134,127.0433817345147,129.03450724851933
109.34307175173203,76.87841666068685,79.09831921634785
60.93021271645705,64.02826265888042,55.11441683441285
102.0735802977289,59.47771413782181,71.84369398518872
106.32929899043437,104.24628269054806,77.58580839826708
90.10099169934485,103.85419648274303,68.52015776856268
107.33411130002979,52.250693187646036,53.62318812312439
67.64811046874516,54.130221787404416,107.33488385402876
93.59496321165682,82.23210984911795,109.01550132477576
126.67969378636407,135.4289620996835,120.45913905056753
85.40019281939159,115.96918473757582,102.41169120687769
66.41251131378546,94.29598649419053,67.56675809406653
110.41986370965316,54.600416682081956,87.57765844342532
101.50408506741682,114.21382181807253,62.17682912611045
110.60430978413861,117.5986397349293,129.82168564679395
130.21935795402536,138.35084712820077,88.74747172363958
89.10718610546635,109.16806111357269,59.81200168064774
67.14118601681005,79.39404024079734,106.1374350779843
105.26321851209582,62.35499037781627,108.42924979315471
102.51681435584817,117.7412609983273,64.7506959794424
49.84046581534257,109.13919070866258,102.54442232327526
95.74626600460262,95.93020505997046,101.43718281549786
105.49049010554863,133.4451793432088,102.4171330732292
93.5512452550183,121.87239887142617,110.083814797378
67.11881118158928,120.55075790580808,121.37869632941398
89.50637735096021,116.39217129439417,98.88426766671662
56.66079351355835,111.49862891735249,105.83471132290259
100.58726767967605,109.34884585447475,70.34508615300344
74.59782559443256,140.2611992417506,82.89143182976036
70.8670602545397,112.38172403068485,60.54042067838978
103.66266013700161,62.95519343332773,91.3204184968349
88.48943006432006,115.81670944135917,50.64663990953315
95.33079986203204,101.97370334383766,83.5617756472779
109.84848569725756,70.26311230233672,118.42753309273546
91.22100766753312,51.382908137933114,57.09454793450827
61.920237263048705,74.79285481380508,75.8013284133229
111.13294703662886,69.94426145825184,57.17579657009771
54.79670737086112,69.44397987669058,98.1219624248296
66.68598490152,61.561717110703995,112.58811086073418
116.09002767156194,81.54465846015545,75.95852233121394
82.20486216726636,73.30278449141994,73.67007662782129
69.39265490225637,66.38173989631818,63.339149087580005
65.95125802982568,98.4174756184776,40.7149275116082
81.80566076792967,113.20337046318623,77.25862951832976
85.4176160547729,130.42305443028917,56.539458277713635
113.57560700001133,73.52065829512718,53.649801521028216
66.74591218907308,61.85078087274124,62.252800033779664
62.9066132382583,56.19671909288684,68.81800544210799
116.28685363288648,74.59630071490368,78.52315767923236
94.08784807071987,100.00282232619466,78.15314231540552
70.20211796123034,94.89596892251532,69.43958306282491
111.62422829067577,67.31951553230378,57.110380246527
79.63787065141058,84.85709043883254,95.83966139273974
64.76695253936099,66.20680723629292,117.99850213234168
117.8806393008327,69.34096473894263,69.59504583256968
95.74408126752301,73.98315847756486,69.8864664766158
62.89956489021265,56.55348168841668,117.4273324756474
89.57612638725881,69.7413719591188,96.57281218009695
112.5848025949801,66.62498315094486,60.042107102191885
111.12208160538506,75.15622811244518,84.9083467145432
91.03876303685226,83.38248129666198,73.34780146923444
73.5458812193993,65.59560518410983,72.67362964606703
73.55455385930469,73.96098313218063,65.13578186057785
68.4939297556051,67.0900694284964,74.45077742957312
65.38008283821729,59.97447160686135,66.6468245836826
77.30080002227172,79.98201447975428,60.179022435618045
67.31590396492551,63.78391035002426,108.87905275998074
83.01472783735863,75.64870145568663,126.1313906837495
124.60695515397411,73.59229437987,97.46830475263498
78.25989535424542,87.95246546555941,107.69955084048227
104.52395228237592,55.41828004525033,101.05215897907124
106.94785031253429,84.48969254959766,72.15929112171638
88.98426235632321,119.55548312859395,68.78312156277319
58.299791912772335,111.84994737635948,118.53250918936547
78.69800819483068,116.06319743891014,106.1560217457838
113.5671958931721,115.65463851085805,73.64762549337256
96.48798625823704,109.09951624023557,94.33981281047993
52.01584959512402,97.95318202032618,135.2086025885248
88.05636961653417,111.67636024037806,115.93992846568939
114.66029046841666,97.44471005313467,115.18274013082062
52.45884047806493,108.17704645414628,112.57026049324479
64.47775062205834,117.78419254411801,88.47053688766657
86.96549096380826,113.79146728733461,67.53963936235743
106.08851015930715,65.77387686426661,115.95481190796002
102.98787816766443,88.53918891114007,92.43004825241296
68.60759557797044,53.04807142093029,71.02198087775776
75.68011282136649,83.74558856800238,64.32513842353721
101.31930755039666,39.836971462494574,124.70045559439893
125.32000257876932,65.65708890514416,95.74074085677094
93.12996908091084,49.97199742371968,117.81154028330741
55.94148972716511,48.27919576915767,109.10341877715834
88.12317346399682,64.19963350652142,85.6257717312644
101.15988583691583,105.92882276111577,70.8998072414995
86.51349831589789,100.97081802705529,111.61984386014966
67.45204866663667,122.5785163317276,112.24979104247362
120.5416319946129,111.7011736714428,59.529531392852654
67.28849029447359,115.732194292475,71.99860479951296
69.17131553170884,116.87835770055506,83.19012218719803
121.06290363472748,71.36081046483032,119.52409007611038
97.43935495352602,63.06559190408834,85.85365293097423
41.33480500394559,52.452902288292854,106.33138907799314
88.90400690115895,58.82677885969976,58.55743971606715
121.48839613116404,80.39247155811343,59.822923617759365
81.70593963892482,113.67956412453128,73.60699316446717
80.28245559820675,122.42604805722847,70.65028756486986
52.19932350047469,122.42459363278707,61.87480878126153
63.1255869815549,128.7883473099545,66.56082290930021
75.8224556908594,113.87198197606192,79.0142948854576
103.68285361698682,111.35580717705396,64.2779454861154
101.43370689565931,119.2051183784341,63.35304597863741
103.07871709600353,124.3704180070216,86.96654942129436
77.82874168246553,117.29702905671883,82.54957762247375
63.678437897999245,124.56808221680916,58.37302309335054
101.48448905119143,64.11665656951203,70.96880893476745
106.6434971620386,80.37058651232901,97.21437969281693
78.99468310681341,120.84019057709236,108.48788825768104
105.4242428790561,104.69436203313762,114.53118883568884
91.52510595901501,117.81182426243676,90.67939425189307
62.7340633712889,114.11903813143066,123.76468310426849
93.57051898931728,124.25299938240616,60.9422725547594
107.61506754822628,80.56388199347838,107.44215677454757
65.58676152207833,84.46800594500598,122.88567348261653
98.74361494430441,81.89606394433015,52.78175727655098
107.57714165630833,67.40260858448438,70.97369292187327
90.10193453217654,121.57150993865561,66.76680967762891
101.18812452990274,113.87192308009816,91.52065756702353
88.56138966662274,109.50527710305579,79.28244763837021
66.29311274471479,95.07468428133099,70.01682941774081
84.67025945396607,56.002403423846374,65.23039842237871
94.90616243475203,63.97532553949148,59.04354142316232
73.88523184236908,113.71979832679396,78.43484496753925
86.89219372184274,120.38596122236397,64.59199619374935
75.85304394084888,112.07090290160833,118.75917183505946
83.51695696977825,118.18322585461114,116.45160777929078
86.51195931050539,125.85320207494325,105.63411385811224
75.36936909769301,106.12052750036264,85.46901468587143
66.54130423317167,107.23491492671813,107.77408411754173
85.72401188162715,102.08502564506797,121.28068772487119
87.9820837913769,118.03033974436741,117.30316208686564
113.59104008904903,80.14315277154758,88.18626105205796
77.92216005924223,59.2454655939522,92.02666484927798
86.59438708808524,71.73089380443673,108.29743375709367
103.81231798304938,108.08001496396707,62.43124983944279
69.67478860865344,132.96250162245443,74.14291114816372
82.34622857232219,67.42123906975493,108.64699430506447
64.90404414267103,96.43352776042174,83.30898763334554
97.22438553974334,143.1259208078886,86.00548840596986
117.3894315740287,124.79913049831782,97.552706864562
98.99632607064657,93.70676790363909,110.97411166659147
99.00214526072297,67.161868134134,114.48385885558876
58.977344921351914,85.70491803384382,59.76396577348314
68.06562625682496,49.99327603519899,121.47553947056977
97.35444913183247,127.42491055811762,90.1607129292922
119.19493474373782,138.07016489007148,117.68022453769832
71.83508364007663,89.08832903326054,124.9605250190888
85.36303803256352,53.95007786558379,96.05125098992269
76.77480905207513,86.48956616630517,55.41398217156201
96.61968494208081,44.75603536373752,105.7021447576395
108.91885443379984,112.91029648359942,81.78981925852122
98.79194934724637,112.10441361477548,102.94406378264357
115.88090091435176,104.21355223612964,111.80606145346933
66.38543786379677,104.37705813988413,117.37462698223655
99.39803626743033,49.66261109635256,102.85013966502783
66.74811194292111,95.82279153014836,89.74034121476484
66.4322381290116,126.7383306855187,102.87094582198009
95.43333555707802,110.15500246587844,119.24098210790831
114.52569190755577,102.77035439130172,114.00917011243529
102.42460253113832,138.23965785974653,117.3443543808834
114.53439836350961,82.30993125331959,123.78157299255122
108.93023502438938,69.30601861944412,98.03163253781706
65.17167841627897,54.771071659605404,100.72121378370034
73.90664551558139,61.84927107501588,92.2132371198441
73.8804849304072,94.02409796191421,122.52209714003828
84.67442804873643,124.32196165295143,96.47294568959525
112.93642685338408,63.06130582132675,138.5918317885144
96.35640884587153,72.66918289446795,60.63931355434857
69.69566429449061,54.23575270063139,72.63461672329883
103.04588453659768,66.98341309792175,69.15452570016322
100.21259933442593,67.5829808849182,89.78360482746159
62.02634031316013,54.9638296841325,120.11544968330033
99.58707631317077,75.49713728708633,64.24690574461461
90.78283838915017,54.26794432734421,95.43552678621235
69.24873560334666,111.80607117126958,95.34475178641085
115.92045922118086,98.56661461891238,117.00212881551437
79.3819878776601,141.78245297268106,122.55192320352108
79.34986604275392,71.502327455287,101.25016985101792
50.89976534593541,55.91280112736372,87.84514843353436
112.83913869075396,59.11262568766767,58.087028330467916
107.87013234688447,113.35111095064562,62.404104407258885
72.51464430437028,121.34944261211498,103.51638933136712
95.54697081236179,82.3462982069836,93.60423274043026
98.39158168762386,47.92229725812319,67.67037935308377
72.02977785074678,61.87883727640637,89.2220790817595
103.6872895704253,80.54474751596076,115.43348855985766
68.05678823607359,137.2437676099258,109.94806893294749
104.8326538429936,82.40860079513956,114.1288753047436
104.8261809522587,60.977400452786384,64.21151417903728
79.47716583241208,64.32564607593197,49.68432287838937
87.85644643955202,74.5146843470911,52.21902676376552
99.7858956490261,79.70296056488844,65.89096343721205
90.26105238227701,69.0757144894228,63.61039979597475
56.846816580567435,63.09424639205565,62.833234036325635
71.60537314583986,72.33268737668945,84.1606625852463
88.93605746888348,123.93389419800646,73.42482339769234
73.72561806832371,128.4093592219371,113.07839180940297
71.82978514922583,126.16394456699472,90.08606213856746
76.74522801591279,115.60784008840096,118.72699442436522
74.20871217221713,113.6382036368707,93.56414872657403
80.77648238101254,90.94672929786573,110.59477452749348
121.73202757517221,121.7185198890629,103.72942299692286
90.79276140503232,122.04341500919604,120.57255343759364
74.99187578968399,129.35558604252992,87.75990717959269
64.89080027625299,76.83357553571811,115.78898807601357
80.60027566965057,48.91886995000371,107.1260562400377
78.86932494125205,69.29642477989604,70.52663012699661
95.75555061158485,58.437040183805706,88.72957220482078
104.91491048042867,83.3864708440478,81.66210345802612
109.25366585840595,127.10125845737437,52.12516546174829
113.36868658833231,116.37917063530952,63.921042197851115
58.65649239056736,117.88959315955236,108.05498248415789
87.86837944054335,98.50933272531556,114.94842655512285
96.60199308821214,115.86454857266148,70.38116264886177
110.75505823197379,101.05273637618777,63.6593795686696
101.26322523363328,55.74806507410141,55.7317999818793
54.29821023927489,65.5596112939989,55.22749856986513
91.8896209001071,76.22778045233184,77.48255156317751
103.27003640877908,79.87689895419302,65.36148447225878
63.54466759442321,112.11178798513372,71.25330670401422
100.88254818522533,102.17374597218625,72.3321642832106
120.05310608448328,103.1687865650838,70.75767656380417
88.80804702367634,116.10525642571012,91.83856418949482
104.50184837352059,110.00554512921332,83.53577834561638
74.79634855585354,123.3476656674303,67.62024600067207
73.77648712633602,93.11749778010811,73.09869845542562
110.50852668874268,104.81621494795763,69.36533502235373
124.05816953787622,114.36538745912327,85.82334576126307
99.11217413027276,115.86521847829145,112.85452539955246
78.31516029563029,108.27682626112991,95.82181518551057
103.74347112726504,64.38852104768992,109.97093233201967
77.8894918565841,91.52085575735865,51.00534368272487
89.57624483815037,48.23988834933001,69.15729632365384
81.74933730796668,76.6451713142783,63.586201080594584
106.10633485606486,78.83621379762458,43.15687693762245
94.92692803427452,81.33916813981159,97.00601148666864
98.70681303644794,97.08087656352855,106.97374065564526
106.85336699018909,111.19430339091691,73.11137253255721
119.90808196592076,121.30215319104434,74.31996436345383
87.42143391144633,113.88768901876125,103.91485313030473
62.58140679663919,123.29210637495109,112.70016620011425
82.1882353820338,127.02238995443267,65.64047010913617
88.00759899940964,112.49273676495416,63.11692650136898
69.90173814209214,122.9670942402262,93.22441060896016
89.04649391228935,107.13712313962408,105.93089914528882
95.24351191857903,109.21373445869006,118.95870513479183
97.21440140145366,115.13149572485165,120.79156008797096
104.86321561652218,117.47594944658034,114.48930259911076
97.36638999402699,106.03864407947752,122.99348707182914
103.06649130087004,112.49907265064415,106.62556691131293
74.2769958991927,124.71121304924735,121.62003280947276
84.68481279247052,96.41363496554769,102.53564596098664
89.14108853102057,116.43486707284363,118.47904032969444
81.51684982433831,115.54564994603048,111.59160527352253
67.59161535597045,99.55971311319296,114.8853652646283
73.6511113991381,129.1361494407912,120.66664572634454
110.7617378709631,104.8281340061599,115.94288149737706
88.76085205718402,118.3907717149803,130.160062022672
76.18618546716345,125.57997198612492,110.04933050213629
77.1545518332726,87.23283959076153,113.24982904820621
106.10305241019678,65.17100168904476,111.93041136235504
60.173795479465404,78.95085797576931,112.08030048126591
91.10849689909534,63.05119812661899,110.22818089435793
126.98329173809589,81.5487885435633,45.71464788138404
91.57629287278522,60.52282885612992,94.5977863680116
62.970684777737674,83.73981412119493,86.87878106492876
82.80306958670236,69.0830414758764,62.65315189101658
70.73832782922534,66.27018508369028,79.04243665411214
101.22614545996835,67.00996716418764,59.059500096978674
126.33586500159917,52.85176563444849,82.21668715680133
87.33581587402942,72.07998494334052,61.4170676016143
66.71345892943349,72.53262165279283,82.51204416740339
93.27973298483512,59.18943833221983,63.14938389779675
113.89438244318247,92.96587048069475,64.40073373880965
98.74271442922998,124.75419996653,74.42495138619918
100.9694811998435,105.10377814244765,115.99092785222096
106.65157355769706,116.80798597328982,105.82560157578715
110.55444913040265,114.39814870737949,90.65856829426399
95.73123812145981,106.36110856902437,114.6791167054076
68.4261900972024,116.59436493143919,105.71880281971576
69.65593249486896,114.27970641687862,104.40449421681986
90.4716326130608,105.76822800146343,127.52170032408556
107.07857476264189,117.61336141308044,113.36087712820259
106.46399831888436,106.34452701429804,105.21523398403309
92.28063736246828,107.62481661914877,114.10057683895073
67.25584044875137,119.59904329417525,107.62503983726293
75.68445881541983,132.22412318166164,114.04478538526357
104.07997855416072,114.61224525772968,119.4179854222975
106.53002394035322,118.87522274311192,112.35292161508968
102.76232871215026,133.74994293082307,112.80139083494255
111.19148816867411,104.05084182966503,127.91873165745865
96.95095462606912,112.39136031171729,107.41970979535714
86.98452321666016,116.13118124740826,109.56149250749993
111.38843237771856,101.38287063785816,116.24289222483512
92.48352379716081,124.74850522094509,114.19495130495895
83.47975872642866,105.49770232035608,116.72825094592314
78.61021572264794,107.76151751655762,86.32284174144614
92.02361368461729,62.55040042561357,122.78040924250718
111.63087931786703,68.02954654779059,76.34049343121238
106.83906305581667,58.0031039149696,62.466341405480286
68.9884692697993,83.00978449601115,53.37695558304718
86.22127346449945,60.14099884003026,83.43092480117345
75.78005080033438,89.08650917632168,54.529801901462534
81.19355383616131,66.06236481731264,94.50282326181248
92.09466367369185,80.22549708767463,70.72771094730966
121.47685453289945,59.268899791934544,61.487164238620565
87.40888761665762,61.56783247001726,73.45947289552285
80.29166303173,58.45355195882116,117.57620311115151
103.30147180747981,69.75142173967606,114.05119519832402
120.30775886032085,67.0868224915679,116.68467432762584
96.60924280075139,74.3091524587238,97.39860242449332
115.60049800272168,59.14327475875855,97.09149225611466
72.96141508667084,85.44371565176554,98.91783461080622
71.19097547508338,69.41559510713897,101.75590201892516
96.571964986074,81.49326787778315,97.76097597013742
109.80689010353836,76.36875064898078,117.67100990895129
87.65472952425431,99.28397419923989,115.56295972091242
79.18299332936249,95.48031539799626,119.23349553758287
74.0948196459562,119.5958573272764,118.8463761082968
67.4850464834187,121.41818076133285,111.0691164663328
88.99615942237483,90.9207185038431,101.54221971932965
70.9074618334082,116.77306204689911,111.95174487817087
73.69313440404271,99.76497300581006,114.4925156694548
96.46019181457572,129.75404900709867,105.54675129505408
101.91749068931183,112.78181301341758,113.33700414351017
103.4866081141694,95.96640444823306,119.19319806549558
80.14656295955899,104.49754478255417,112.27887166953748
84.64454847099434,113.66909687910457,61.82662876851412
82.18027117242806,107.29645195278582,68.33325573459078
105.25417723590729,119.73050468072466,60.215518018542234
101.14897208117192,94.69025220057215,67.81739221920795
110.84143791693914,69.92003439871718,69.11076614268237
81.89047496518408,53.798847208818515,68.79159915986864
66.26346581023395,62.12922621597383,77.01179097650274
98.15527689441474,65.67422120590363,65.11618341514425
108.40169716653718,63.4159053577794,57.7646423077754
113.47892141398016,66.09983320414713,80.59715203741827
114.00004336952678,76.59536338507927,102.0860009750346
75.76565778069116,81.98681125616572,121.3917722952721
104.97181995204579,86.15428079306224,105.17955353419651
121.18656744759896,45.74789465868568,109.56452493607364
89.96810189544411,55.267271674313314,105.48435867069492
100.68022692671894,63.14699511093971,122.02456362009505
94.07351187071382,92.20001538491016,118.04838794578721
86.94990314956137,87.30566024385861,102.7355916839845
93.17237978571322,61.54241443511777,114.15783623760977
101.15849750530131,75.91363009861507,70.57020370173016
111.12194994802044,51.53326114100789,84.61526126590746
74.73623861037666,117.51157389405303,59.573246483353216
75.11377612788014,127.09365954996811,65.62936773492714
103.62753340121719,117.81156096232708,69.83850674846613
98.14346602967439,110.72794653236416,83.7480975151461
110.19927070089382,114.03663898956856,85.93363037414878
95.91052632836983,111.08397839476052,90.6025193564595
72.68099045650449,117.35536449263284,109.6937030680453
78.44354689452588,115.56990679905367,111.04319966486402
111.55371540008433,114.08415131939768,111.44888662093268
92.99298219388889,111.47436657400439,110.57523696987576
117.46482593689295,105.32128381972416,104.04407664444662
81.2887573150234,119.8420017689776,118.800924426184
60.672712521059374,126.7124904965224,99.37787707239958
67.07346567963809,90.00176441898115,115.88573521374755
74.41247749713885,90.06271213376607,112.85592766304764
93.44279651860653,53.642768259221654,128.4850267089295
107.84533247316246,75.25101000149068,60.14022094339675
102.60475611164365,64.22439661472475,75.08877086510073
61.17723408210236,114.45994764753762,57.64909267245965
83.13908462781146,118.61588961749851,69.69555749308493
90.16051267286116,119.48210540273875,117.00567240856938
93.43574405365977,138.71917207576175,122.51519196800996
120.28000072271172,88.67518790895548,113.83292853430888
87.0142348616046,63.42444507860736,100.9925500190693
60.93133003871036,78.00261076704027,97.13035933233489
83.59903660286508,58.62318484074042,106.67125372729305
104.7852126816026,76.76977424375286,115.4479716810929
111.77683139573982,69.47982081913882,102.31884226270849
80.78000595399085,56.01516808913805,116.2232377209137
67.13124236655928,70.7734907894541,102.80420841355185
99.9631375608671,62.54949959547364,115.46601712303443
123.01168737239472,77.17203015047318,121.75069899733718
74.1677966864568,103.51368373343675,105.16670264278002
75.8225175513201,117.41996837662779,107.30718252445882
106.44052821532298,114.25807825186635,107.08621452281832
96.48926668690933,108.25946208630475,128.3774442857531
120.86159237599792,83.98643900265743,110.22002476788488
88.43374588621674,106.54799228090515,90.30550072651647
78.51812036482809,68.52138286686741,105.51525959836226
69.09234824799789,86.04599406085921,53.84908612887831
73.41105510336747,54.33283156176939,68.87828274560675
82.31784168320397,81.53949282165462,72.71221242113066
77.4122606547405,123.49545038050553,75.74217939390964
108.11566007726631,97.01496228620505,113.8892911914666
111.12629031133746,120.82435230899473,82.10773784209886
105.13735868278005,132.25786621896,77.40423629657495
101.68770653485248,67.7730819792705,117.22471041902422
102.89248364677161,68.11458750323287,100.0683135694943
113.694520096583,64.14554620025808,59.12021099551765
97.19741553711278,80.75831404582092,77.94222158933732
69.27363239396189,84.9450666998536,73.12063798661575
76.62502264885111,86.35391053120175,61.773379835162
71.81423472375829,113.1392545626092,58.45893852230124
99.175292606403,121.52821615345377,72.8421901398524
115.74399992552715,111.59860085271399,58.60000449579334
86.00680598270299,117.26019020628563,66.28166076881868
86.0679422329874,116.25645110743008,72.27550849364177
72.90206820966958,104.8632314244574,82.38021507176312
73.18272825696374,97.71336768196862,81.55932315220599
90.22413352609081,104.70862331025992,80.77672424686119
116.06301706450058,120.58648144023789,78.72983545522278
92.28456313552448,114.20872437480364,73.52168651041889
94.5967061793472,110.53962984760884,65.48011854328351
67.7306106579361,122.10616501476694,87.60302575743549
115.89213758663209,72.0931378700987,118.48784553868072
111.54398749703938,67.92272176525562,93.99573215169536
75.5997126298113,62.96610443633921,88.5117876223063
97.56166066625364,71.1617131978345,83.36966955926762
92.37612981424216,75.27626718107702,81.10183271126296
92.33729003148098,66.78989663761251,87.45605241115256
91.30889577627613,47.65859970054096,63.13563317954245
57.22696950174574,66.91594166927777,95.45567666359459
115.59037871861955,52.412784505404765,130.74485611320384
119.0643190263978,68.10690395823353,116.52224622825506
79.0426523122443,55.91524674126093,106.32858721954331
71.12760511991263,48.69934914986947,109.28548491160409
72.10692753641274,75.198712249612,114.19617517753
87.1547652984002,109.09177423899267,115.26607537118974
117.43919123117101,119.24501810386255,124.4558886364454
95.37490418919181,117.62275320429228,118.43078775593311
56.55145836408151,123.7236402245879,117.01748332294619
106.88112662807346,60.89096799849559,117.84865587297534
116.66103845460376,74.77735763515905,95.69307000231585
91.56773237408466,69.0234678132411,82.76573658576066
114.2339050344948,54.95107916692246,46.77949376278728
85.06956324269579,74.15709016179231,66.1876583984615
82.2254893221924,65.41946380102226,72.39150240125625
88.31611318123352,66.70070144150783,75.12905580376022
106.09053722269398,55.16257992008968,69.67793449858296
111.07971903145148,61.06062961228756,67.88609658771396
107.2433337624107,70.45231253708504,115.54332655058602
68.39945820474473,86.7072806597023,100.74626829986164
68.18079414220838,64.30541890168571,91.12000596639643
71.8065078698197,60.28960145604742,112.87855026040057
110.08558750019168,54.58851597400462,111.25337127382947
95.28760323648926,65.95031343432913,126.9369964404616
98.99479341391769,70.49300554473535,90.08681907981298
114.81149255515756,66.15424842648996,67.38582514988153
105.7457390557714,70.93764528637928,70.33908658024359
112.66884296869563,89.50097090396429,57.10279485922291
94.98180070962454,80.86603480093868,57.63885814064655
75.46896798238615,74.98170838623858,68.90340990628474
74.05934412665638,66.34815757326115,93.03976701305909
96.05655883672397,67.09382734245438,64.10054154269649
106.0661119171076,74.94389412263054,74.96870462464952
69.61228101064992,92.40613201588496,60.71915164456862
109.88785483313804,110.16682169541488,71.90941576545019
106.38321983079945,125.3085039855512,65.57887507943529
71.96395329151466,113.70988458690046,59.02319417295893
62.869497003313114,127.51402459016924,70.4630027515943
75.1569494744702,116.32921797794975,57.6115657707013
108.26551586453836,114.57453485564977,67.18420670479952
110.27640073469968,122.73836443501038,105.42115116520309
103.39822238361327,95.32342924812365,122.53312725200831
75.85269162143578,111.84896274115674,113.24948317605134
81.90742622879897,95.93157203634617,103.58954258898885
94.27842240345264,108.79932585648675,93.94386349549912
120.79726021252202,112.77933937760297,60.04593477501937
61.60877211771239,122.53550332614977,66.04734704871449
87.83709679883486,94.12744020703956,54.779890254946224
111.93341899230612,63.654040824313306,82.4035594550377
102.11812043295093,79.99709116225358,75.78093799343131
97.96905338258131,68.82317805422784,119.69792821077647
109.98769660950926,92.62346487071731,109.08763776307839
90.83053237745678,121.40401835972182,110.57075507864663
107.60550440335827,121.55928385873472,113.83377391078423
99.03178715453105,113.38482715853577,81.1654708836923
72.30354849554166,107.60433267806411,59.97310006631823
64.02354158708961,73.32940456914899,76.52591840015825
56.99950512543205,100.02918007437499,99.16728667348781
115.2384132677438,119.96018941739196,61.695295119275634
93.91192173061437,108.22873277550087,93.87410679506877
88.45801373248533,95.15381407816625,104.25900409131951
119.32622167785458,122.66878390444278,60.68980878918319
85.60856593603279,117.26700555085006,54.96155637131345
88.86048026910044,112.09554315210232,59.08944488831158
114.94156973277742,61.52964924094882,78.98878983344136
98.43902867858228,55.127600988112604,76.2210262962162
59.26277833975854,52.029912706323316,56.6707499078644
62.68185155409725,73.18523385527287,74.60194264930391
129.25385066362574,72.05286231020064,62.46606836172524
103.27874666507107,65.61172596131271,97.07522380142758
64.68921218784548,53.74723342041072,114.39906683552415
94.32234037868783,61.961765910862425,114.42571476507753
107.56663295599164,81.8617278165654,115.93876580874823
108.13070738536763,81.72074428507742,108.26633362364032
71.29659958639031,58.56819318082824,118.50573428236419
67.58039326222996,82.41557804531058,73.3918608494574
112.10000140985119,66.6099601539671,71.71614010207668
90.43759709308917,112.97180860659044,74.5739790029973
90.75873018963013,132.38858999113424,76.9197776626524
89.29217417361139,84.93089315579006,129.2037888054583
88.13995981564156,69.2383661907221,86.80716867510434
76.52332624944918,65.92005889297039,58.86940552504558
57.354589832288795,92.9039214153441,57.450650332065784
120.14172377001441,73.12431230758531,60.71611560968749
61.23812934438162,78.61921861122455,80.43106881084628
94.73956342704268,54.487616779003105,56.66314747429327
105.70847125169723,69.80942303732549,73.68245689689762
101.01116929237361,78.09365836060695,107.99954283365835
106.13825851528375,85.76689168777241,70.78479735963974
60.078739969521415,117.93634301188264,70.36275970265844
77.32083786943639,108.88425891539495,118.28081658756035
110.01792698672071,136.4709407020683,90.6664400958579
92.92530000442531,130.61274133929751,123.74622062482175
61.64115539500828,109.79758561859248,112.07054443194114
86.57097344765404,59.29319283818448,105.61700631131103
100.46915764397505,90.93254648064968,68.80978217866766
110.624415179676,73.50253593266466,75.72439923504449
107.8021075309067,46.735566942868985,105.95043753645749
98.97993682183093,72.75066097177248,80.62208322548645
94.29061825690655,76.50966469958954,59.86719883479466
86.69356854478859,68.9530747741787,100.43992980415342
94.35604384548361,62.66288850956141,135.56900822379473
119.95874237031722,72.27155107937398,104.99255810148776
72.78560719369412,70.53830516383415,109.58704948950427
58.48536936216629,71.12692615097484,116.42268432902364
110.0813315941607,56.59278927266446,65.5956196945307
116.10041625249178,65.45438437554556,80.49997484736299
88.72770081338649,75.6952637522804,100.7995282652229
88.26360980954838,62.357248860688294,113.15397147300425
130.21565636518827,72.22067573985915,114.3631081788918
91.11034998511465,82.41473901714748,114.5172355097834
90.41120654420895,51.754062164757244,109.05099155914974
82.75051937482326,51.42792709930263,114.170871365433
92.67102772995597,59.12867578675805,120.28820440887475
123.48102247421976,51.96367410767092,114.12933897671479
107.22308431157217,72.41126205305143,112.7948778997625
103.09257269541392,46.23010870676828,111.08790251738041
99.13709944630877,67.82334788009831,104.98899217251945
75.58528162943544,54.51365101590998,120.38507075956886
74.50997981927135,60.50985609851497,117.22369750731363
100.808894749674,59.743589036677356,108.96583354012334
102.9564583146096,81.59365827514618,117.70339273812449
91.95725718554935,123.47948284472203,108.57432139524512
76.48624471679624,112.76713967688576,118.21744866923261
94.84044956061105,129.07624411910658,83.94640741590028
79.87340276817969,105.45694328988195,62.00209093473844
62.36119516751388,97.67909906541034,65.92554781967954
75.13935639706023,127.48999206079638,63.218447638364836
86.44418304851291,103.4069571812351,76.93574641087758
94.4840306813474,124.26916728488564,62.14578662387171
115.59745505068337,114.96201696969867,60.774557356179635
97.18968671487669,120.34041033828251,64.52102600547154
68.55971234449069,128.08828570937752,111.38134892554191
94.05255040263164,105.30681862384286,93.97440785756928
103.83869988951112,78.57098115256997,94.57841936216579
84.5304594952622,74.2405193010882,109.20970214419998
61.295273956329474,106.49348898516014,68.87854206712161
95.75864883160025,60.67328419315605,96.32861222720504
88.75310473042587,76.81820407652793,132.65414151484703
82.28128276542772,103.78416848644972,107.26873439537432
106.7976179045614,116.07213733051361,95.59697913082991
105.02633269613573,109.7828426047861,105.20131733488995
86.8989718819649,115.3076804299194,104.5546862808407
72.94445936382573,103.92421072269818,107.62912712438862
77.53179337847753,93.63830953529813,106.76565008167414
68.15211461801323,119.56109983102269,117.18248127917357
88.03688968820273,116.17364557820669,120.34902939987829
114.64990816406431,114.63188573528167,115.03671338621834
91.04374215390672,130.22304721138423,111.00871134512063
57.60704535354743,108.92460233408369,103.34649813502071
61.37361971772875,101.64566036119338,98.95329126514022
72.90464120448598,116.7490869900064,118.74491065552232
100.6033173654962,122.34016528161116,91.10219067614922
122.82743971927941,113.76417559513207,104.74538272180992
97.23514165855384,118.09949715880751,112.19715895121524
111.7554111938222,119.91514158695185,104.77095179319434
124.47682516152405,105.01082253349239,90.51409144914462
73.24012494305556,118.18017572839695,63.22966817824357
42.99252518455777,119.59339465968185,79.6073465988227
101.80556956154327,114.6471975085182,77.54490237780105
111.17737147086594,126.24050020571715,101.73027089631042
104.42057576252765,105.57082448210774,109.63790236650588
99.09933330191352,116.64475739079333,111.07989773657658
106.26043751047823,117.86041853774304,118.9808013042762
104.73102786531942,88.89059451952812,108.48520553885659
121.4563720814185,83.99241584778976,118.82806064758816
102.87967776926523,67.49183124874278,117.43036569597894
89.34506847507106,93.87507485400664,62.90308401433347
101.29273007581133,67.75712629259354,59.55108887727198
83.3595029411246,91.94935709372923,66.21603360528378
81.62687632201468,95.46719791233961,63.680110245408876
96.42044633432182,65.3192402653488,88.48416825822868
90.45185620485296,66.10189099191622,83.82430549926126
75.34116848791861,59.90604134860491,79.46263978089864
68.00903179970386,63.32111625750179,110.64817804687196
78.83598271537686,51.94882396327005,117.31026823508797
110.29510379830349,55.24308477038675,109.24177977528448
99.1270273065722,80.41234762077758,114.4698579680909
122.22044591999443,57.38269647415328,108.74858814418587
72.40931838604197,96.2356973354315,114.47903797844913
79.42028463560796,64.33486141990555,113.34084569047316
83.03260234086633,75.26606606068958,86.80513050799966
110.18448883072634,59.800800135609656,71.96568201805081
117.022493856357,75.37562408830178,61.869171174346874
96.11417281095905,59.119429687590355,83.4624536288842
118.26526021953741,53.37506077995903,77.89785328130657
110.7885220374852,52.503413886215206,76.92605916182188
100.3239975654798,72.4942965901223,60.72544743726789
104.38319260523586,52.94757131032641,68.99572895638161
61.160336320133865,68.3374586842741,75.1656003446079
71.00839857511446,86.85922419101534,69.78675670363452
120.68556521665347,64.77089459770573,64.75084658116054
104.86332819384451,89.92919504378557,60.72188259425913
104.06138243264449,70.24139441837737,92.98595058983868
81.32107662049148,96.76950343022611,100.9261734006677
100.32413319685118,100.02773574624126,100.18004517510452
112.40966702090999,130.85544863263829,112.27154186453134
121.52113901858881,123.60286477138176,113.90293193814735
96.47024158800745,94.58438325421827,114.62538392103251
66.50993506543522,113.8775694326089,112.02135296655565
71.26825629362769,126.98089840561701,115.7597488639866
84.52611223378422,117.12777873558969,113.92993196698727
112.83638200568576,111.48509390836159,96.86993693174767
105.9558830082775,125.65129130916196,116.13720972789628
124.3882771685114,115.2649867530261,115.99071592788692
92.75920165602182,120.0610974960751,103.10994368794266
66.8439349971412,133.30953784088493,112.74112051167717
97.92698321501328,107.7917899279173,115.93798172418904
112.63896920220505,123.4886807772412,68.83751723743686
103.08667968928688,112.03029738383448,78.17220009709118
113.0002323004303,106.8247929134148,72.8156489996531
73.60633175513085,118.13107460616307,76.61285106659342
72.71528474917613,113.98124307352114,70.99617765831938
78.3115494848886,115.48539445275905,84.34143055188481
93.9223912579484,124.88601842007868,59.78135629001633
99.68446939027329,110.022639443654,58.59983104931847
115.53934953011859,87.40286563332526,71.91330133112646
81.27765881875006,76.41425647695928,108.39586776563388
73.08157803278216,118.75538187677097,88.27709333280563
83.77911446226011,117.94890817988245,119.77237526365403
122.20709363466842,116.14087837101063,112.98430922440043
107.76845748368785,103.3776211503616,107.97283599784843
75.79405828733753,114.49045321513496,89.72973427086903
66.30192794653817,108.47415895809236,71.11319556417703
74.4966164698914,96.89658949059819,65.78502113954976
69.36563127901928,106.6613728898917,79.61142225691721
103.03368950098883,108.85617114734616,65.82611039783686
84.63819279143048,124.62758499589505,74.20874688481936
78.17455958144261,127.68019333871332,68.16975887771999
92.81839304094531,111.544242110761,63.25653214393567
90.87199336614121,121.21666449546784,72.53598549032901
98.52883275908167,126.26134956524665,74.41295332752294
113.65714994155682,111.38492113921576,79.16337832341628
90.23652397994226,119.09203874500236,52.09925480728915
74.80535628990401,109.81673106565638,67.06450986837748
75.33942059019182,117.26494954211049,63.99847488970684
92.84160126029663,111.51508810107417,62.28375248095779
117.90721728697645,111.81247943736986,71.87404744097815
109.54183609828402,128.79320007537171,65.42581714924816
89.84198394722515,115.1150213604158,64.27518338582588
70.4627437873141,124.09099838293356,69.33602899657504
78.48186795990334,126.38709272847969,96.90140194345297
120.10086381993648,125.16020484229473,75.36529122611464
95.1980902799155,114.97793942392936,76.88843474236663
68.22785934487496,121.92416909500211,70.4204591106935
74.66993477528646,104.14496965537427,83.6380586291829
79.70863171007278,117.13707311620973,65.20556412386199
72.7434247007879,120.23505882935757,62.14524982281752
83.61438509445874,123.25148137424623,64.56893758903527
77.36425459815298,139.59419442498952,66.28713025942535
90.60270558128252,105.13192330472151,60.16109422609144
67.4241900718672,117.46733392757044,74.24597267283833
89.56609152820631,122.85771943420895,82.17053371224398
69.02527214542629,98.98847054623623,94.06114581012402
89.03396508220155,105.38017228916229,78.54757976409847
104.30286118614839,107.18577954676616,61.53747112652838
121.39186356438415,95.59304346706402,54.56032252185069
106.84080288921099,51.934993779373144,118.5575431504732
70.42674856352701,61.95330277449994,81.8319189138532
58.82658608700091,63.54646107017812,58.41731628215553
91.4572875876856,59.862234261137324,75.56185413023768
117.87644575358254,77.76847075105071,74.68970161587946
99.42768927156553,74.78460590175843,86.53099323851643
57.561059502132366,65.98793964585978,73.19394567816371
78.99844592657846,44.78399056024735,74.63949958798982
89.65169904075871,74.95100197152132,67.68504500821086
91.88965260877396,102.44419665599422,82.4067529691167
120.24292915518845,107.58547084089417,112.99568501594425
84.3573617129038,101.55287208575174,105.1628456005371
75.35264587903131,122.49300656307354,86.5818724651119
77.93958232019189,57.335985747059404,111.85678556300782
69.1852548195911,66.74034451208237,95.52160395981748
104.500075848844,62.197504019296616,62.39387020863947
112.11882132622927,61.98712267663916,64.8962743378659
99.02758212356383,81.29692401144146,72.57263162168212
86.967208929937,58.3959696035528,81.78830106226584
54.74001614519422,68.74525422130756,74.09330992068446
87.2987009291882,48.844220538943624,76.42961161053485
88.88366939791715,73.69010198585597,107.53504257585828
111.70244662605637,60.49130589648862,123.2578771529794
99.58976640850412,81.28246853854243,65.06409441072708
58.198607973719916,51.21868160811991,78.79306746836824
93.35088390525019,79.33131214701054,58.18739409233688
122.70565797714025,67.23064453950741,84.82885551597283
74.24218872061374,72.72472231473591,109.90364566394828
84.96315732424895,65.4221809383791,92.17520511466022
95.45769929745394,76.15478136854225,67.15806103285402
64.05426185055589,62.79122236240871,79.18643068566084
91.94632127186745,66.62719376585821,64.7059690640653
96.58746894414116,66.07483612894019,74.45282608170915
97.62968527953454,80.16919211661872,100.87655004033483
104.17411972802013,81.63229175986156,111.57388727725849
85.69917569300083,69.60670410303243,120.72812040378751
70.02119814275912,79.27980880642824,104.30388764731298
80.71529677294988,80.44619874192712,91.72555255753198
73.74477292698835,83.68302955051344,119.8322189347968
78.71742701863018,121.08394466373375,81.80561694055642
102.75452229369843,107.89327523661939,69.31728709084744
105.60771782950523,72.06497757370917,64.6255605343336
61.909163448015285,72.01589119845364,66.47717384566515
72.49268745957933,58.060932680042725,61.7240187868389
88.73552031458443,69.12419070188066,75.59269289654769
94.33095336784513,68.5144293345293,127.56848309486853
119.14699431036068,78.72769482578535,82.12410902540053
79.92187862193872,64.2441954367605,62.76136782571774
68.81616790386481,54.09883042530927,77.80453572481265
118.2856362232056,62.86915346725747,52.20946087923596
75.0046839429553,65.6709994379518,94.79620182834242
64.3928871597644,69.12993404257614,100.61158154874691
118.79336839582086,62.82023754876735,62.665432751172425
101.02830350122268,57.74315647495404,114.52494777220728
81.02508660302536,77.33996031876059,123.91227185342959
103.45591461410055,125.08966360340219,80.69792898585472
113.70265329889992,109.21185981329268,77.57361568202795
54.806211150201946,94.07133004703634,90.21900273406986
80.38200872512357,53.71834459479949,118.43053648275634
102.81114699062837,90.80468160808104,70.21336994406086
105.83032929593014,122.38890096448567,65.56450895992812
90.01012534722867,103.26403759419149,132.53344859528184
75.6915357293212,106.7161602306589,93.36233220818913
105.54248423880708,74.44718424193978,137.94467060211517
113.60684723395555,57.56930386843476,99.44691065621788
68.88903124176788,64.58922333377635,104.70147498518834
76.02964648456452,86.33335352361875,93.6202211502122
109.59168064230248,77.65904440986927,96.67939066651198
95.80164510530537,69.48804591206088,129.18087009124375
93.16966001035024,59.65748824016077,94.39346722377445
71.59945963381602,70.10430320918407,83.1971904695105
66.81072703756318,58.74061108913418,76.49908130047233
104.76532844251908,63.3885707459206,58.699856570835905
66.85251270168014,86.57042389084381,77.2298760149546
76.55874245936944,93.07149523964513,56.81243774896138
124.62521060441519,51.261182182625106,45.97048920266141
83.7715911088656,100.52177134966591,60.188058821345
55.1544614652812,118.82221952657038,79.47302461902096
92.54436124457139,80.85446900866721,104.57582909073273
112.36984745076033,72.82499561324335,112.19348564384636
103.58978959825357,56.80742163407404,74.57908134089524
67.06614519571004,74.73752051502323,57.68886474848517
108.08127086406456,65.9016037912036,71.79512623433526
118.76371286347565,86.80871307977417,80.57286715420832
79.96739914430394,75.02118318954165,114.16774447069677
60.82667520444787,86.02266390894599,99.21404239674365
66.50704981751647,52.0401799215936,109.25362213758804
74.35743949434675,73.03014722198576,124.87938962921574
110.74507203728886,64.0476465912671,93.5632227983286
112.7020732303315,77.92185077311176,70.13795028317182
108.81345039001002,62.51986677857489,63.819379090135214
77.826521761399,61.16188012621581,58.76964055794467
66.55066794070687,69.08253261197818,85.61561022409063
85.03013484671074,57.70305826328818,55.59193951637689
83.64030606483824,66.14178502053105,56.859391381283636
87.91253291217474,63.58399618999555,78.18170122532403
87.41881217099008,71.33283315058709,74.3612375575777
91.73060216117432,69.72834094235681,61.104155006065184
112.07790021007278,73.83102655297355,66.29671307260527
94.6812892827401,70.11515032180924,63.05285570826545
99.25693965890711,58.59698111554136,63.006016723778444
108.5180225758276,72.30588101771589,63.53663613168332
81.63045577067476,75.83121685382665,72.34128920522811
112.74977924532818,69.68298588636779,66.61433758710136
110.55404728231078,56.70760982089615,99.91373637408883
109.24679006983702,68.37367026445497,122.13340162849082
124.33428068496133,69.93048681726523,102.41884473326319
86.7419133330386,67.03059754296397,125.66546376791246
71.07832950191903,62.336777725257555,107.71059574344791
86.32117171492918,50.84767206131,115.61627634824437
68.61657393491092,96.1179807224623,106.68866689127478
51.95652440535178,128.0236886810286,119.06082485121404
110.99789633890262,104.89192583922191,126.39618578465146
107.24943723716716,121.4321913783375,114.76630151543966
63.32268444343822,117.76130012269583,128.05467019454585
86.35083678063822,95.31808828459333,100.24023843382787
82.04270392484467,125.19940423654353,125.12552610388862
85.00460417335809,108.68664932835868,107.62210475145994
74.13308689493641,112.87170709546807,104.35913964550137
61.91503389066062,121.88734745952632,90.7552050756154
104.52013727985609,103.3527569288157,117.4975378299468
113.14579036993823,128.6649299474247,115.31110363226774
85.94015139964966,121.73790284464559,105.93141176294391
66.69087456630983,100.65547501791276,64.65180493948407
85.26965110680884,48.3163012974583,92.37618066384366
72.00907367351064,63.85604836423385,67.10676466150834
90.42498018665493,64.384895188409,119.3162901221052
86.45081951230549,100.25860052409034,102.1236479360641
93.39480167628865,116.91330515347282,99.88970642632066
108.31106738264882,114.83675929860436,90.54340129707279
70.06847956482214,104.48629127635215,125.77061887215012
70.60847813634655,117.63018123267301,96.43948762312702
88.47080783182467,78.20049717396404,119.46131272950426
115.75521079262096,75.1871458750179,122.38474102183028
105.11754346084264,60.680790100231086,112.63143932919108
100.83593220029452,83.08348045779609,53.58288853155497
89.26032783205015,62.498125640886855,65.88549255464198
78.00134902188437,94.24750040849369,68.2477110927223
87.44742482137286,80.29878154464436,87.47884095666625
121.7142323137365,67.22462416031493,78.8268913979079
90.99829051883783,64.845989777829,91.67516296995821
83.64765293891425,85.63845159060523,71.06469935082828
92.74229317166142,59.04547511247095,87.69470006233188
108.22165806833378,64.66287600155958,53.29701278359935
100.40639446691632,71.81070795684526,63.655994928085065
73.47795925993896,116.0488467100107,58.38984808752211
87.11711860933747,112.56442134357482,49.81034768185275
83.57265463000196,93.72753827333051,58.6890362826455
76.06998213515966,111.07301594005995,60.985270473774875
96.26550698316869,85.73309480537917,47.08126406679559
105.10761454467401,67.36486194627749,57.168808411853895
93.22514418570903,61.72029575341942,54.93793978032792
56.15404931692287,66.88128733078716,74.97370911967053
108.74849973679062,66.93045508930665,75.06166120638066
117.62015635984355,76.75223760195748,92.8377529608418
103.27498584459649,59.33324391037393,119.10559632799064
77.93147924784994,112.2101873094949,72.69383122897882
99.0330272974588,91.22289376981313,51.722879410936315
83.33429021407512,69.4265862999977,118.0076776478421
60.640602055083235,119.14664400565142,106.85595083508416
83.23416842915832,106.04100615775847,116.5592880279293
115.84787590050263,111.53015124388043,70.07196415697321
117.3878747960359,77.17425336070725,75.26381847346813
70.71292954130642,64.74375971572755,55.96640027487562
106.28135251225585,74.62304495394187,65.1291088719799
93.58707569546743,87.70369214294185,82.46009362673553
62.88289561604001,118.50532888285817,78.94183852620144
106.61656864135183,89.92378185484714,73.7243964737635
68.57010530004531,65.04995931044809,88.89576574630223
79.0944583782692,51.83922997725016,56.10977874809242
90.3191661470139,70.24338735412867,96.62500163301058
123.54646230700934,58.93105288168468,114.35221131016503
68.20099847870397,94.83067014504296,99.62745967910531
48.62992370600275,109.72090365795975,101.19418711858269
112.62130403500659,115.13615551334863,98.9959445447069
129.80098257621913,109.60511063276688,115.0581891043725
103.48094046829387,101.7841757830877,109.84216767653028
100.79993401602309,60.23086541821078,104.01724060046983
100.95184968044191,66.96416444214358,48.63908312569832
76.82129740359787,65.89349384340707,85.48720589218163
59.12307055602578,52.48887277493055,101.14340165518377
104.94467323063863,75.79048201612228,108.2927678008791
118.98148126389495,105.54346354903113,117.86956485088098
99.7560191114042,99.6938280888473,124.39345514656026
104.03075929616789,112.36835885999591,93.30174544996976
128.97398580092914,103.7788147193886,53.08239928032542
63.174398673179155,117.34443480097273,76.21145501994548
95.96214902900864,93.823958896568,50.91821810929955
97.06667838318977,73.20319643683658,114.1455392104866
60.47901713979798,136.08145321620896,74.5153450277949
126.13129719770626,66.81183655118826,88.03392880841841
81.89540167449323,54.60180199820716,125.40465405419219
100.87560827227493,65.51690411932759,101.42382090845744
99.80882392224507,81.49909975467563,130.60764264588985
72.81512700724278,132.07216859065403,73.70978148956615
98.33094276277559,71.57949145542777,65.0206728859646
81.89799555582721,82.58673756967022,68.23342268395486
80.39449473288349,66.14562751489585,120.62653081237195
102.7367042390511,95.23339676779136,63.26450749262717
97.94718380093525,88.15204711075914,85.22492894509922
102.64638617293848,54.34449633314156,105.87503139064967
77.16334219237774,62.71948987590276,111.56378308140185
84.297946256144,71.551854251683,115.13842344447593
105.25310215058016,51.00416349872674,125.67385724522484
103.90381018552549,45.73402972237181,111.49171011402476
93.58428840592804,53.220480101217625,110.85243036901748
65.41684731550248,85.40996979605173,121.93341481579982
73.2050827031161,57.77246053259673,111.0894040916684
75.47382251589414,67.03209456659525,107.07255713616217
102.29870702419468,47.68074017306225,68.84564159839935
113.18261827848336,55.055988131418225,75.05162208786712
95.41920354275075,63.974764050179594,75.78743937707863
111.44364939957538,68.3559625172932,71.55620189837623
80.35423151340501,76.37378686893143,84.39221444208218
69.44402065365138,55.590221554951015,103.15108939391372
92.20701880431196,51.46313477285291,97.46985739975499
117.21884178105765,79.77869460916938,59.612850049049854
88.93145005689387,73.60272863361779,71.9605234020613
60.77759174281394,94.69452121920538,59.18916378848693
103.9670516419421,100.83258092775118,76.4950208638548
107.70402310856791,117.06173834434856,59.01925284369294
97.33556271754391,103.87913714147236,81.9323863850742
63.08270769047995,126.2679515884705,82.78349402675605
73.3702349319428,96.9765073331534,109.40959574854455
105.7350716953166,110.39837219150738,80.8334203303456
98.76045180362263,106.94095906342643,67.48817168230913
67.06813427814079,90.25294586717018,103.76277073771911
94.9122430742946,112.89833809013524,66.40165195243398
112.77611192170667,100.88810006390415,81.70946816257445
108.91086668003608,121.06670762311892,65.38538614691014
120.53232798491366,95.16161063082252,67.90260197138929
62.415530818176684,107.30920987659479,69.22490879607642
93.53110762807326,113.72896946694236,67.55335286185777
110.05399467912268,125.51583187057052,75.36983283500732
86.25624290591848,114.83100424406753,62.94800609032658
63.02873736750131,106.97429272320962,53.47716760427064
81.00414387092678,98.32914649221192,61.99999310601894
101.63182611398094,60.43524210506728,72.30071636457582
109.5035294180367,79.81814185810254,74.45606900882431
110.87914880123739,56.42500264971945,75.87535870367834
83.77509839384865,74.5306046796252,58.40910124829893
77.99184744988634,50.97111282775891,69.38573300774162
75.93827911822301,75.83140583832088,74.58553041518566
101.74314915972958,59.898918856375666,61.455699352206445
107.33794748332727,79.46215376289248,58.98230664903398
105.3392276463819,66.35967210826723,92.34698539408731
97.90094587199331,78.36604569260155,118.71789132724157
109.42635797437735,70.59104353962144,136.27596946560442
99.31839902549198,73.43634133985756,112.47220934391707
71.69353384235981,68.108141148327,118.81355463242876
92.39037780216003,79.38655317141628,85.79275627966135
118.61524534179958,57.14173575379102,98.09828776255922
81.61583366991306,83.59580864749046,129.098605273089
75.2936002125067,84.86455323048233,113.6184506584677
103.02790838882814,66.61927911490018,101.73575129611237
104.19975278144241,99.0351022556426,63.010111924611145
58.72370090758792,102.2761364082519,76.03045131470371
60.86465989557697,107.96049598545393,106.72076851089697
93.21619699051205,105.17786804312524,128.08774253276553
119.0531274701746,104.86570941383651,120.12681839689276
102.98874532429512,98.75065099606238,123.55676497039859
68.13756298813037,111.852328716571,115.95501462889202
63.61471475553882,79.06497249294877,118.37561639045855
69.2088482071844,117.2213884181492,115.33357562481574
111.6656664569252,127.91688558883156,117.52818215069824
111.80165842562242,114.23462931607983,93.91684521804825
67.11727859896473,111.77446066089368,108.45214846892434
81.07978518521927,121.46588843349728,103.73192850779947
111.7402881510626,109.96809432588512,123.1785501205947
88.04532179135957,115.33604788273381,111.38187430668263
48.86023044289031,115.40344052399807,90.75394161576092
86.34581328697247,122.50293344510115,58.76423852495414
80.9752815125745,113.75703573212353,114.82397390398093
72.45076294269249,134.77162599771884,107.6211892721348
124.23828058794031,114.28163539153743,93.27091140804113
82.61292977017648,120.30324675453163,72.46633938701576
51.828470557374814,97.23624590412373,49.829902823472125
64.60461146010512,65.16182171245033,70.54139762216946
64.2884239248552,68.52878412902606,68.78331288164176
81.84777841990831,53.59715073638024,98.59263348804754
119.07158299480363,66.756022934251,116.37403942936942
110.05864532693428,85.57753160984669,110.57001223330865
94.1418553767254,71.63043629678624,106.85644188214522
104.93589238709944,71.93505253147373,77.92939090536812
111.53749343109129,60.59824339766312,78.99917594375698
80.01134211323199,65.67048060758295,70.5349572512418
68.51043621871378,61.55133585496021,77.32854460928294
83.74582030189815,69.77097014219022,77.98869405817034
72.46485192188759,81.1545011730858,84.57690787804721
107.92481408896579,61.290534676872724,56.69149031405495
93.63215199556552,65.92568340510125,69.09061970628215
73.00949448823003,60.18215395637711,74.72738231464338
85.45674052389771,64.27686963960375,58.814256071012565
77.86619165166418,64.44146950067409,64.17220824650873
117.21563500768298,54.313733106086616,62.859299870520246
100.95830865185877,76.9865224609537,80.33213157776954
100.74816635094787,50.70474045361952,109.86916672452921
88.82375052176926,71.2419186551148,120.83452137721723
98.95986382639651,57.54052331421626,109.17627061693082
98.68449951735305,72.62874600309222,86.20457764618368
95.52735889939986,62.62324963595412,65.80459203991128
88.72204584744493,70.97717186347042,72.42134891099799
88.46263835789502,67.18178988052274,65.29992482957083
90.58348952988479,55.197420335933124,65.04909857840507
57.793486032239244,68.62710933169744,78.38578601593304
92.05119303649711,53.28086985568058,64.15395340493498
114.57561447151093,65.92101928120721,63.3869533470397
101.07857425380867,64.54941349317924,87.24878536832104
105.60748617349248,77.10099944265896,58.23609705045137
103.06035249945847,61.311391615130056,78.47025666055629
96.61649048380482,69.59145889996665,56.709478733420895
100.42226219694213,49.705505965169934,62.017466967473744
62.02935080964893,63.88784320679654,74.88854952277693
57.01970165040523,55.194444683548156,84.43989176474544
78.17594624335446,66.0360726179327,57.95512472632544
94.16116957433746,55.4293422215701,64.2716145467562
118.44851231010745,62.00175524814168,66.14114192667449
105.91715956473364,60.110370949508585,93.97974562165301
98.74703502693815,59.782574943506546,134.2356737042714
78.6905799949882,76.31529359435054,114.45616297951216
91.47800437192103,54.947285159941835,108.61805853888814
74.64284800638093,64.38465015880591,108.27760449294344
94.1286690820516,66.89413999169945,111.6852225349506
82.86069166487167,77.43840236154634,125.47471155602005
87.79662310821304,67.8314731624501,121.25857258893147
79.97939969432491,73.29282516995453,113.157211485997
74.19795187128358,58.270957945485456,105.07595941203319
94.18369642813323,50.960058330504765,107.26412511791523
113.43585332867538,57.56893702830076,117.99701978301056
108.7641846481574,66.57699216696163,125.23393607197255
124.15251658495691,52.821039396096076,98.59310125933628
88.58400018680365,61.66333684016743,57.926558999014105
54.93940476694253,67.97086801769278,70.70871076591604
98.00868628507352,68.5263240974109,68.55338030816544
96.87999037068288,80.51695210900947,67.8846954250199
96.82106774347959,63.75641304549223,75.58017444550613
71.24342731666313,92.09964550531835,69.42245207756211
63.60205415653211,72.67935658324527,68.33222154924994
82.88404184725916,76.04090014825825,71.23902956365171
117.32541506465749,66.45694060805485,88.10354187218954
118.25175949970276,69.12213241114928,103.59342769477897
92.72921271975696,75.01651397823417,108.0425089735399
107.29101598991922,63.64235890551398,103.31621270907065
101.51707313448178,72.97149293452927,79.01773385527528
95.04294953705453,73.34787382856919,80.01959729130571
81.83824617868359,77.91826532981584,52.947271928342225
99.26538831544613,48.72758586906,67.54546752609299
114.73337590528993,61.75980869284847,57.29213874787219
86.14046217453848,60.82383840589125,69.44240856388494
93.46871987893417,53.52867279978963,67.41716594430862
113.37689767605308,74.07601469263008,75.93820159863922
112.03168425653382,59.70942347921052,65.06034425047109
101.57521361296922,58.89617670529697,62.00774939461321
102.91040723706647,58.423621458951914,56.7810915423093
96.21234767736426,54.729688061000864,63.48016888380022
83.02223247925191,68.50625048754742,71.22251665315066
68.17506924061863,69.35814697197625,56.887723332866
77.16370629753432,74.59903842334863,72.86988713977618
109.01816400462252,70.76958193771357,80.19728456893415
115.59815991560704,74.80747022843667,70.84537772257043
63.787388611879315,61.8350761194863,107.86558760163881
62.136155181912336,65.30389560795517,109.69179286255027
100.58778052337165,53.06625212505181,71.55288575153158
129.16338059810496,64.31292737647927,71.99261061159062
85.55280156025837,74.54592558349758,101.2245432733999
71.03200277915315,67.80347981411212,105.19747379105782
83.80195605788936,62.65757150731549,101.50842603675505
98.45275330687365,72.4032218765873,100.49944445370318
107.09971115851522,85.40617656869354,120.16985979719927
122.67861413451847,57.40068420159971,116.56947895408193
102.77334128445035,72.48192009639385,100.46433646596877
98.05060155591663,57.89139332462742,65.68605302441065
62.04919025751927,69.67458400671272,68.39263037794723
78.86629255032081,72.1336279395527,79.84236486469818
112.06719135362425,85.25348150532001,61.844528550109935
97.30969756370449,69.41045174946093,76.83046961840863
68.52784453765024,63.599370337497504,50.311617810033425
63.821156583777174,54.64493672899638,59.430659711293174
91.20546080881641,53.7147326535739,87.75353818080018
120.29816055596136,62.79534329688234,108.39192298547817
99.55008144166125,76.25496580558803,102.2576843607875
92.79831445942418,57.42259694811937,105.90785840025707
71.26078928536235,66.15398910190018,126.79088757032989
89.4296936015909,62.20365648932663,98.72226794292364
111.01733792652166,73.47233477847341,67.94625566459203
91.40531183705808,75.77891291663144,82.91516580663654
74.58877368381003,63.355118974003815,70.4213356794418
85.86343155287805,53.67463728992206,61.1838151630707
95.68861184787455,72.43706223938302,97.57167003155816
127.0951830809247,72.79747627221478,118.82676918773194
107.6288486818518,65.74434629253292,132.4353006736849
105.98072802382673,66.9765337023175,105.2404124134565
84.07543055872304,61.72050906688038,111.4987616559028
59.95533878319633,73.02200274286504,116.94741196272973
86.17258752456847,74.15850271761234,119.55917062713917
111.81436252078647,54.781131129873636,103.99686298240549
104.45382640663979,63.77980010935606,118.1772381397828
108.14481589877226,73.55963933107437,71.23386332327559
71.42602126685397,75.28067797062207,64.17428688208912
75.05516156152963,89.54523026962077,67.65578742609527
58.84112883967267,120.19891904813248,122.05069017313919
81.3366875803227,109.49952773963601,118.94992929416732
93.31855355818453,70.90164402936438,119.122848277486
89.52876670842203,73.25735644897908,91.7519750871752
44.34013150597299,68.85333394205055,108.4103922898046
68.59611856612354,83.78218241429254,105.06870234255554
59.00559237993208,105.66145929740739,117.8904029000022
92.82040900324836,113.29527575315437,116.63512593009307
80.16758580453931,111.22441638222014,112.58416282673936
92.76329849652194,111.97279179536062,103.75136570254958
73.5654697834725,126.76887688790607,104.10115125572288
92.35618921850316,116.15692798422396,74.34056765331401
83.13205153329963,106.62329080890234,98.62323731982337
68.49760387545702,125.08862337589343,93.53391960881707
50.03995305273541,101.37270946453513,111.8877747775559
74.55319050722119,92.67645410253712,112.82499050093645
103.20457266082582,62.58398915994914,129.48464636556935
98.27583746709028,64.70137216403783,98.62007397915984
61.35665609512228,67.27448187961073,118.42447352931798
68.52801660653867,71.22999183836717,105.18501958165349
84.1519616664468,73.11266973726106,111.80033424488374
94.68083531193895,55.09035611696153,116.22187360405017
81.15483342156546,64.76363725602222,117.02799328057375
86.29515881055517,54.224795069223404,121.03094031776078
93.02795335180313,73.89883228691922,97.88594480225746
108.70671508645991,69.38963790005351,119.30783410055099
110.58197256133651,64.54878914635579,107.39070136434127
69.987651010709,76.1149262471062,120.7032984442232
68.1098634615358,60.595440711945976,116.1249167033369
70.68272769458223,64.46495154024718,103.29363241875917
90.27585841068849,74.0468091001173,95.40217155261458
91.4263710828001,68.75259216440556,77.00138071243244
58.13807892923646,73.33604265922435,67.53601427982048
72.14114006357455,73.7347651258174,55.21913597878955
77.30767548583239,75.0678349906867,91.24491750525436
83.43275999890406,71.25728105465852,104.74883524970906
84.1895997673153,127.32850982747699,58.662835966811215
117.32289551657693,102.51556950393937,66.33135525326827
104.28670648225439,62.00501074093872,80.36452884471659
60.104033144302996,82.08960473792546,66.35913025847792
91.25784526082009,63.860728394162386,60.68071804275838
90.46967990594113,84.57038340103122,69.88214957450512
76.69199151415368,115.77423326840835,54.693064080523584
92.07048459966971,118.43486954714604,85.6989158137433
113.37876763403975,97.00878768927303,118.96785347470296
74.23616373803355,125.85272199463401,121.181930463651
75.49231592735376,76.39923266981951,118.32100297030445
55.91264001860854,45.650554805175524,118.01506332579508
90.04943901047338,73.19218635447888,90.15768146118545
121.06917604773845,72.49340855627419,96.65609596180107
99.74073975940951,66.24274257925609,114.88415977415578
66.84282117017779,82.43448959067419,112.34073658799367
68.35650824670063,66.55556910236676,105.21628134749928
69.4395976681625,135.6227648745768,58.22036607187252
105.85301446740655,80.77511607044957,89.67682846074109
95.37035558854365,81.50062838427391,100.29168833179709
81.17209513467573,77.30497279618962,94.76139292689611
70.13239624261155,77.7671415845558,110.50563799754222
97.61758550257174,68.95555847682643,118.64866979212081
114.041352289814,100.30570300613213,103.10999791577954
95.82259017091454,120.27465610971132,115.79784138964119
120.07871307116734,121.11819778952946,118.82206038287094
80.99231875808984,123.08303541355302,81.70953887909236
40.6396587413196,127.66170958333072,61.430585450292874
115.35104517047431,74.8569418664962,64.91480066022561
97.6687115374483,82.84691375344514,57.87459482753622
75.42269326971832,48.372540552384024,101.74998059770958
64.20921495429951,67.31830304246404,111.61778959282152
111.66924948951633,73.03198484330535,111.2025132414776
73.91819902854793,93.43882093252431,129.7397993636166
84.25574258691294,114.69069981398883,113.61669368873771
110.45912170800129,124.27673794346741,119.53169641118612
92.07168841022529,116.57640667315286,102.42308431749767
86.35889123906072,106.35190128669795,48.94615182152754
78.64596953448519,55.1722807628913,93.59477493296541
71.05138743768748,82.63002641040987,106.28175511534438
93.77668921729887,107.87913160080417,65.96307670869031
95.6381097888369,96.58394614042732,88.8158814145428
109.50204037527351,108.85485350378569,120.5251378816789
109.68716921094251,119.93451259280535,109.18078349842628
73.69974856717593,100.21706500207641,127.00192158096458
92.71972087530786,89.5270669728214,127.51337337139294
83.18597480512696,116.61276774524775,104.17693448515222
90.976838503598,90.47829300874275,133.82858275306612
120.13876223848868,103.26268815490084,106.9070676115493
92.29097922422739,106.23358628148058,87.87388233090758
78.66310721072469,85.35773638099963,78.73797306411214
70.54628655503029,83.15391349447137,85.39379180549189
62.64158276847765,92.20772277608874,50.160077972292385
60.01021899403848,77.1247138358786,73.81098117434863
60.77841879767439,98.46287623491024,55.705623932089
105.22283485898716,78.1440542699058,72.26885451487038
124.95814707188202,59.074592184614204,88.06434777464179
73.98474478094703,66.01042376380214,94.85030838767902
71.00353408884386,66.15575574553901,71.65290229037721
63.63784978074489,106.42468812180813,102.61942876886063
114.10260584607232,104.17496320891358,107.5876126205267
96.83602428864212,130.01794419063393,114.71663205058744
88.80512017109147,99.20595885479379,98.90645849024418
72.89227957394178,97.03140449840457,78.49738708930927
91.29081251077638,108.52197624209512,76.8914459885836
91.32905300780253,107.58357340116281,121.47974254060428
92.4939404346064,116.0816626612859,113.94699163781668
107.16603446978223,123.10166310347877,121.78140715986991
89.63750139180507,126.6463988890501,102.81034401539753
93.29837399702167,100.08284078240996,102.72138750023453
120.88916904171906,114.86188251452916,119.87625511343867
114.76406451681238,106.24022242296574,112.84219550882607
75.91715653956112,117.62721240508084,116.54387136212675
70.85992234120918,113.9657638876435,96.12551212485555
75.9621216173933,110.76932787729321,106.20006221045178
76.99722445376723,120.31307340891517,131.18368654063684
96.09569020471773,117.827974867036,109.12353933343827
107.3441522016251,123.83400998141619,94.38427218983611
109.44111693656465,115.7910145008593,130.3885293965481
112.46334370524683,95.82446887598968,102.15941866863221
78.61339825586337,110.53640245102875,117.85090670139444
109.78583299946465,110.98764082426038,115.35202982736116
94.6072594392774,122.55421540357082,115.71583637146767
101.81892122496365,117.2171527338535,117.10078183501778
118.11224649980304,113.01635548767456,120.10005670652994
88.5718154373237,114.87431647858111,116.62500373413661
65.43172050220956,108.08549002096088,101.85925678221773
100.62680446422847,80.72768466176151,115.88550360094376
86.23042384509105,110.40394072570764,97.859058355895
82.59036866870503,71.38611667945891,109.27218061550144
91.68537840074957,81.61299985205007,82.58785352595197
107.5104791451185,78.0184450962094,65.98925533341627
104.60106066758574,68.32432233885308,93.24667376608173
92.20517959867975,91.14011906707033,69.63160981758811
68.63048829752269,110.17608079544549,80.13502751085771
100.36005533181869,103.44758469098056,60.620306581200104
109.86735863932564,104.28426689511079,71.28962594072703
108.36879149083921,96.87630618940761,79.09431846647631
102.86631880472025,116.85460234958809,62.509366691050175
106.4752208361895,106.31073376331042,75.70954788061674
97.7271104948858,110.11219528473845,69.78525402736956
104.20201079222974,120.04202044987429,58.73964220916583
112.48823214990222,112.71221990241517,75.76193212116645
108.77970727186013,117.33316670260047,64.1153376269302
108.28138824451624,103.54121611458496,58.48860303866402
90.18778743784706,115.98091579295937,61.2832826139263
77.9194708354191,111.5262991696984,71.97335098154271
76.89722386662827,107.83343110619761,72.16018069693823
60.229736712763405,113.04428971841271,56.71846019239255
73.65663052049254,107.9992859225356,71.24113411802966
96.47636629220784,106.88361532046757,71.45024783625864
120.0116990944487,98.10597955999673,56.37166496662932
101.70097283045772,108.49701843597379,68.29590312134661
80.43295996041437,105.39655963565227,53.61364184433385
62.57184804793233,103.78190967726027,61.78865213797594
73.05246271769646,108.29096539816292,65.56680386006855
77.5726294319263,114.43834324047218,73.74566972912399
101.94634849617837,119.81612120066204,71.7678345901664
105.05687201493382,108.37818422318576,85.00723059711876
114.52652101521238,109.14313700451159,71.61346483583648
111.47223834159286,81.888318021955,80.93752321523134
72.71212635166803,104.8926796434821,65.15987346682877
79.09182657127606,114.97848048443994,68.557304747183
117.07617778914103,102.20231302023237,74.35708473753013
97.54418807122161,108.53707046595382,90.33285986852879
107.18668672408891,72.38558494435996,76.93011517420919
106.54199444324357,56.300186262445905,70.53972602220882
72.47619880427031,53.05579083975047,62.639500945007846
69.64486747379638,54.38772657597411,81.71334357930108
80.10301684492732,105.32727541074262,62.309586017739846
73.12911536731394,136.8186518413972,73.05170729041528
100.04727629460679,90.49898166926874,108.11509736403478
119.43647207889022,124.13141897429891,105.18934248414043
110.33327148828933,107.24798810682125,125.08932389652689
92.37809218032955,110.77085968533945,99.14912043919965
91.57031237441434,96.45676714061092,128.62715681881258
94.38449136639834,121.64930467957211,123.73573244654408
77.52565181727621,112.58646880817939,113.43800225731364
81.12559218110955,96.1781456079762,94.52610939696515
67.2355385451051,111.64458723164434,111.23548813263393
78.42904228423687,106.62416486705426,101.63615163441885
87.03633327242855,101.50284826148071,118.31099733945858
100.07720836622805,118.69903244563358,113.82748125881395
113.36833956700687,99.08693561894822,127.85151944320995
119.4119789380168,121.12362146435346,117.77330601497474
91.9209671720306,115.15283885064196,100.66001252371944
97.47151288890113,114.63458717166465,106.87531605547763
91.46041921876503,107.7261714007921,112.34171465223237
100.90363870650413,125.65979940141652,109.3798155514463
122.85198424014035,74.98085807246697,107.18922992242537
69.72391689012255,121.55765504551245,108.74421631042891
60.06655201557766,82.41194555071586,100.1510370595764
102.66255138287407,61.16480592526653,117.1428682328852
116.1456598309524,92.2308257341305,127.35060286790203
118.5607654673835,121.19643443471121,120.9567578579767
95.37105532291443,125.48004617671191,105.34026292255074
101.45927118055513,117.08677152964366,86.12621311147029
81.85152414678096,129.1598860893979,67.50942408168528
73.30573851035481,99.7930466721171,63.965206430806774
67.86029450047437,70.79691027707175,63.27348866183017
74.80181114567701,57.10814989964381,58.81532912428662
79.84755507742176,58.58450555475383,100.54745110225328
80.15298486948906,72.22201720058021,132.05246274028002
112.90050743512623,55.09967025171898,108.84376519060119
114.53308199011373,71.95799798477589,110.48806619568825
94.16262129391365,81.37939648192066,56.52767672726512
53.362042201675614,65.83082257081682,89.05838022133268
97.37243515346117,87.68412417750469,63.38021778360871
96.34202764244277,74.65895215867945,115.3631524169174
61.38105949059724,118.31443424414647,82.6231030277859
101.42106942239901,99.70168446715374,76.76616474663194
104.35472369855376,63.55939284858727,97.58721293757705
60.93429956062215,123.86385863607559,100.6284345341842
123.54803083836696,111.28059626777676,94.1755175184503
66.24393552830985,122.06365167323207,111.41327606537186
96.92743422386444,78.94362078411994,89.59428990876069
93.7227814924348,61.8851749551539,64.10797335922227
60.370867360644304,55.42224656115376,130.05417778689528
97.3653390055224,80.58730908400688,74.2923022550993
106.45050184441445,104.42958486080695,117.01028835890719
79.9942712090981,124.03957603705949,100.20882977712287
97.49627379858674,100.39177037619056,120.85792680138208
103.2844334324546,65.83630603824619,74.53798871015502
48.671524342444755,64.74177707803658,56.20896539345852
70.1543478181174,67.48537095463618,65.29566655674245
112.96364973982647,69.92360609106828,84.96382779374207
66.83148903813544,69.54852802080462,130.79393726639574
102.31330998331529,76.88838832333082,83.2265033282645
99.28801917570706,75.77538182827321,54.945982212481226
66.63300436513462,64.53141354049708,112.59078441420753
88.39880655753514,64.05978444622613,102.41017519299807
113.73999643393509,68.68781729265316,58.55542762269457
68.3092136271086,70.30061376616796,90.20197084725355
90.54342574109243,62.62818904527852,55.454022390278915
110.23830127933802,70.19369232732178,69.18475545953552
97.35013989468925,106.77420392395678,69.5535849906616
105.57454333214278,94.65477350576099,90.74069738665573
121.23005334832854,57.15909196826625,72.70848025359395
64.28971140930409,55.622961074500004,66.67439013006499
80.40977446670391,65.71799556661608,55.76601444337111
111.804993426852,69.2287878286451,77.30063332913367
81.54442303739526,92.57317944277658,77.58582173673891
83.78036819305548,102.75422572717764,77.2973596215227
105.28846261530538,112.05028581958436,104.16619687808593
120.69705447351205,126.47061634292389,120.75372017516091
94.03698483862091,100.11320368644401,101.92952675685125
80.17306524504197,104.04558338601095,90.97502482285637
114.76215227707944,91.06278260820068,119.37716380770037
106.5608556818217,114.41876719815885,113.16380769467696
90.30496624361963,111.82368611242336,112.04051671522332
72.9944707526814,120.46167900159591,47.004556376725645
86.75721863268781,73.51139316003456,99.88830346734512
67.67719134936158,75.28422775466534,104.46678699020137
119.67990875001844,96.56231481482435,66.11814787682212
72.76112729791417,136.10254529499534,64.1675232786805
88.12639339159513,102.0965724576314,124.69634036364184
110.03142836666377,108.88968342011214,101.25364137881364
99.57262165546378,107.01333648933618,74.12317428369218
69.58225897565937,110.05305730790228,67.60090169561353
88.77784631597692,119.43541860842502,64.56479858071322
113.87422221324768,77.16121861259121,79.6340437045931
76.31358427845429,57.409005905564285,48.23073211238265
74.4661426647366,57.58479499471006,55.43109809766667
93.44634317305508,59.7044587909885,76.60370268595317
99.45801216063487,104.95771895286668,64.71631810366156
87.50943531937557,110.2617347656543,58.97697488266083
107.0078748598371,72.01017006233451,102.13957420085003
102.55780285866257,60.871874084492525,104.33313278832044
85.47240197315982,120.07849149465474,59.71034645581139
74.16731044294319,116.43078765217864,108.08936533232227
79.78226758482114,77.60222565057609,116.77081013341964
115.9130814677306,62.383486476875085,99.79026673820944
83.16809539500494,84.70772340780054,59.945979519969534
71.11493981340836,75.77968788668265,69.46776413168263
84.0913113955505,99.31805217521699,52.80667465655643
106.38913567344098,97.5802105319781,77.29404009148755
87.90356259724922,131.30391185792445,122.08985887325684
119.83091700528533,130.50220897697415,82.23230772824321
90.59319373435501,85.45647585425489,142.5479572430102
109.9080608627827,57.273764945892516,102.18992389669539
90.64573081395773,85.31479642978223,75.17514427658455
81.4821666342713,67.36163487782545,100.01985931276265
67.9325063029795,84.36868076028173,109.53482460095323
85.6851460913559,124.35487963497663,109.28440281604928
109.548332322172,110.43742869544585,105.7737881875226
112.08768965270252,98.74662554561048,122.80025368826593
86.799256473216,122.9820151607974,107.55881334529768
72.35785912011303,117.30151761107412,114.42324515784591
87.17852847359661,106.3468595054024,118.86444124249199
106.77595118461318,117.90243221324575,103.80917879238218
99.23662225896794,133.7771634809841,123.56197529502074
85.68595131812873,118.79482970742816,120.80945295420469
57.8446922998317,132.34117282314665,106.80466826740376
71.98222620167296,122.03466870326005,104.02044631376673
104.64258301872009,119.84535272018698,87.39978687086459
111.06700401216597,124.35820600897533,114.1228580316609
105.27085873772758,103.51141744702126,119.041852005715
100.83529421073257,88.42761893004287,107.68843300229341
99.28933322192053,60.3390937880755,116.49885774142845
117.50911968101883,68.89878361919419,65.31526301895734
104.27725743214137,67.64964317504882,85.80587474481898
60.40247308003676,68.18287757261352,70.88647711106015
102.55278834042616,68.41885666672665,61.43624175026662
90.12920676753048,68.71648096751738,62.35354057395976
93.36406532984837,53.86864365841311,92.89303594154788
81.76463690479846,57.874061788773695,115.99025926940756
93.5603849450487,69.15821415031277,109.86497409178554
111.63760175779409,61.54855859425529,74.86915838814679
68.61806104155826,66.28517658948968,67.39156182199476
77.01869257361385,63.6549408320717,57.08114242965759
108.84483293458834,67.19210992263426,57.538735838941086
109.70092129016865,74.17291887223934,67.29428701481164
83.37195783311839,67.96803550923812,71.96600085777726
68.35460440573186,62.75632358230308,67.57954607262941
74.42784600587876,58.226110865799846,72.85258927824597
111.39005475440908,64.98178626563787,66.82720637260327
125.70996072551374,62.84856110041898,66.01260474635932
103.11866246408586,60.632918808378,76.48567879414296
90.39527676340344,49.875690744737724,84.31688366330026
117.8275253863839,61.9719036878462,52.49236664655639
96.05849116442837,72.22919238817235,73.54416002760064
117.33159103345072,61.82708028690318,68.99856197762615
122.99824852419582,61.079364517895975,59.58559589138617
107.79894354838969,70.13373987086993,77.45807404448658
115.75325341065965,50.21549842394748,59.28345999664741
89.78207479267041,58.80682304535814,69.4890816064579
83.28978353641703,65.47547148871205,77.83608682170733
128.12561463552146,55.46405964275066,71.83629604490616
94.71507218899679,70.49719874138094,68.90861159413261
103.73548874508053,47.385458944034475,54.17981086871889
117.372848504017,56.807596181070814,60.8829624427775
113.08514714813164,72.60460830295033,74.50737670737858
128.70469560611167,66.69530491973256,73.50312863243455
115.78173620741615,59.487288494233255,75.59418050958881
83.78195327388435,60.84867152791679,75.70515374549518
107.86313160408916,56.91457974238323,62.037299858150334
105.47704232046237,63.63744444896409,74.83637136409224
106.41046422912758,57.06064080157091,78.01022098110218
96.59053803689265,66.27294993102753,66.10152428739343
77.832930985835,55.23481654474149,77.46295035917731
93.92842871365825,70.0500203885219,62.66784669450871
114.65189562238884,75.81483015421688,55.143068342888
105.11515316880849,63.782241301493244,66.42620602991092
105.40412056680874,52.24274902697861,62.714975221073274
71.28358503126432,64.16519559091303,79.82481185057057
81.124914128493,55.349723749260114,67.90367772556095
72.31428262133225,66.32677685056393,67.7798803380205
98.1641562948196,59.63666463110017,76.09504405690089
111.96209394856663,75.67613235570441,65.5594163790011
89.01799748162377,74.99534192314154,73.29457863803064
118.83460451602834,55.27790297052204,48.626496582185204
102.60720197907128,69.51426306137404,80.06890651531018
121.81633101705518,63.210141940779565,81.16032296570853
100.05840986465861,62.465998599576615,70.91199927192459
67.45115685635095,76.05521978240616,58.91646845890972
67.89375781777173,61.74246556188076,68.21509442565275
76.28242661711253,63.08505963666108,69.65139799893618
71.09386887654378,65.59257955199834,78.69615739310592
116.32709018115253,49.16931986418535,73.93871003376499
107.04213954764836,66.30995296171639,83.23069223195839
108.22605463232091,54.07238725643203,119.74071731939058
89.58938032137205,66.22011930848834,104.1076038115734
96.77415284452954,59.577368083868194,109.36634526940391
109.2138770231142,72.71762433057155,74.64428047453829
108.97624340877837,60.37814968697684,73.43029185231357
80.02457174789828,58.21288661610979,73.90201875976626
74.28041548239827,76.19342632462104,98.39240810299553
112.20141366017927,60.378101763568864,87.31341800011215
110.36797018908705,66.38737152132504,53.503311584709124
89.70807709236921,71.60465853194722,59.10548716552947
99.42598515193494,67.46759863527139,54.3234301479669
91.1554158248118,59.31699892176018,65.8912798743377
97.32266449513432,85.71679538602281,80.74513538688927
115.64286957696412,65.1540624185928,118.7562180131601
110.13564673295055,76.11572436062792,115.48742135340102
101.28423333351252,57.83731575091388,125.99406422857172
89.04166674485867,72.23965325083992,94.26309879646584
103.3917614983374,61.91773599365213,68.13782670453264
109.48386470550889,55.06149056930804,86.04152943382677
117.5223856616125,76.11033900264252,129.30454325017328
104.16914866073982,82.42951767752115,99.17416505875218
86.01142284087254,60.11674237979256,119.83417241528363
70.43213684092105,75.3521718994032,73.72858087301051
105.30303695098482,59.440844617184204,51.96744837861496
124.88649453960822,57.686752210107244,96.5193109866893
105.91948153999145,78.39229332920416,108.69648892620788
92.36254183913951,122.24951061729605,65.31427877505911
133.37808723031767,71.62839119425729,93.16160293733188
65.49621093311976,77.18556716993936,69.89217707169419
64.59747711895311,60.32615719250936,61.21815503023741
81.1249877114739,62.043957500245966,88.73365295344429
105.27792213748978,89.07379968203995,108.34171885152693
106.64645943756034,126.57276588677308,110.17416119869617
94.5845962994484,110.45236160119491,112.61787672695759
81.84268550795429,91.26151762090393,119.59149717914356
88.1799856591422,71.09781608283647,98.2259539012093
74.63431711857139,74.97861077081318,75.48394526884685
68.6254226753669,71.36064028208051,61.62084553897726
68.2245431523348,81.63367898199142,83.10508073887733
94.0276595826562,55.57564190504838,106.82446393100649
89.48134076121072,87.73241050853561,93.640107467116
71.10683395272777,118.30399425680896,114.25502779114191
106.96115833321045,111.98244863676744,106.93424715691391
90.62785052523142,120.91795178149157,90.56955584233467
