theta1,theta2,theta3,cluster
48.18293821322993,61.52349695250638,61.49938421895447,8
51.05622078193539,56.86056929570416,68.3426997160609,53
64.08094729550743,65.00068431313841,80.19080792513986,12
66.19856337042872,71.82029177884702,57.66510194382936,45
58.267066505260416,55.11609577471144,67.51636070397012,35
72.90082329239223,56.78267591668457,81.12943613370344,12
62.00922633146171,58.72375600754779,108.8728053571243,26
63.01109348954726,97.45185868939276,79.81101020144358,9
64.6867258741352,111.07758207833427,66.48983049093394,56
73.18391709829352,103.99911041751142,53.68415119305397,25
59.74197503744744,122.39671467809104,82.26424345624919,43
71.83550747855652,119.80841127565554,103.79473831943288,23
95.06013649578308,103.6679721652603,126.94827014737189,49
120.0141650259914,101.22860701600813,100.93656609747688,39
65.98057890143845,120.24886469329292,116.49095419803024,23
91.93218447171738,85.49545857417998,113.45339407951592,49
128.73921659148183,54.84652837711676,94.3814048462756,24
113.72129998133744,109.92343154872836,53.33202101931479,14
123.3805226183924,98.8478409197844,85.15727295662396,19
122.13889106747804,122.60272778462848,102.60588399493294,13
109.93633597172364,113.84658239723264,128.72814761054772,5
85.87466411429708,120.9652464942902,117.46072732656064,20
83.45150497375997,63.88627641476472,127.950982767213,58
69.90434076910387,95.76982819864986,46.44415481699771,25
79.4194394627097,55.25201170395531,86.3309260519877,12
77.76287638641327,93.50561090337976,117.7148069343336,49
141.43851030736653,117.58739540959895,121.95813655773637,5
101.38141294171174,116.90157194810998,110.2289422565768,10
116.45949674802068,59.2796205899231,114.76134558861136,47
66.85885960754506,108.93450744490166,68.43411505728386,56
55.5628103683148,100.2549657760212,96.07029334008156,4
58.70626026598632,60.30145299084645,105.4463143228124,26
82.41705941928242,66.59054879175264,77.89059412189881,2
68.29322601417906,60.89707777944688,65.95376909320093,15
124.7111450243112,93.69076187906651,65.26105343662917,38
68.61132765598816,114.98354100272591,70.64487156322578,56
70.30258760973408,131.36366944253575,105.27566820475036,23
69.14607926651574,113.19858322626034,50.22194923684059,56
53.10534341121426,56.19525855028273,88.89967843157991,46
62.19470382755743,77.56502959291879,105.19184551442656,59
124.70435301644312,58.79113027029842,102.80256000312674,24
90.5503960666017,123.21606468156249,73.48691871059316,42
61.45822358814157,83.98026952104115,86.28950850325873,32
51.110256805839285,67.73563911542533,60.96818534019364,8
69.44075365182832,62.3733177513265,89.77054167936983,40
70.18272976760315,74.03118432301517,117.45971867485775,6
84.25822056210674,117.59346474438594,97.82143222360015,20
56.10217367116582,94.3509892660159,121.6811798028935,28
72.77225851503448,109.24046515509454,73.97446805990926,18
39.58462497801589,79.65954911442292,76.35081214636322,55
44.14688965308683,61.45810911675412,92.10221734390956,46
66.84532344976844,85.22684329160737,86.75162705158775,32
57.828503185334576,59.59868833655165,118.4491379851646,54
58.62194475325767,85.52265879838104,106.31882568014828,59
53.03335099225921,87.42113168332685,132.12097599040456,6
60.31586541659087,70.66048586812094,94.26539412785732,40
78.53204724462485,74.23061811246598,59.254669110115,37
57.968145207640525,53.16389709244709,76.86107075981452,53
109.42973475617924,55.90340049934869,54.21454658214869,22
119.21948111422766,71.92295172796788,72.41452807348863,33
123.92264444472232,65.06708639766477,64.78214600131493,33
102.51873701388443,62.0307405007618,60.03794286036358,22
66.77822484542281,66.82851947092631,59.04394467141071,45
66.59328855060969,62.69297512549112,65.53060737108885,15
60.65872112756094,61.14805481135396,94.74728159442368,40
59.47481543676065,79.12881935534251,116.03132109660768,6
63.022908668592834,114.99802783928148,118.47535916305232,28
72.84071515000088,112.7605345450016,120.6418570317389,28
67.87531800652616,117.4973740913268,85.81485647435993,43
59.187947429079735,96.26890030406892,49.70026479524115,25
56.26015956298381,55.58383561346292,97.71705823739724,46
60.16202186928,70.435610473118,65.10115125305266,29
45.30266111250662,83.81602568236491,70.5642176928998,55
55.89859129075699,70.57036452776106,84.82063270356647,40
84.30633574351202,75.50436550108779,68.11259842312576,37
52.12691049217373,68.1379587286486,77.50059412027043,53
82.13114998981331,61.81293170046845,60.58365150102253,57
76.48547137075776,74.30118058998335,69.07043783497322,37
56.35090729983133,68.38525334312276,105.10709982998787,26
79.22008459118658,77.52576487870328,87.48962855707008,32
61.47666518932812,53.99200962745287,60.28684524821151,35
66.70919596994474,60.3100957415201,51.69821252136039,45
79.7078925687541,59.79625378112337,67.97043293427122,57
58.2776579461405,71.7224192647824,113.07320147886465,26
89.87573994895192,52.91327493664697,97.04396053117776,21
96.13925482119328,61.95528815922369,52.90124311367462,22
72.92995829005547,87.4946304620491,84.61450340299609,32
73.44724930200304,100.1136253075114,82.87875197508372,18
60.032961857272085,101.9809043679126,67.39943123591922,9
60.09031214586084,102.52851704350292,90.58749788901908,4
62.67405078921252,118.04198866556348,116.0279658112656,23
63.72589696074612,112.5473423484957,108.66142887414216,4
84.2350219265327,112.46400968220512,103.25792881567077,20
65.34752279506638,119.23842266720814,115.01532574125731,23
116.97481530561888,99.48250235618649,114.33476763666252,30
118.5166926674052,128.45709963984024,118.438665427527,36
101.34560194480814,131.7398286809799,105.5635594623136,36
90.88031080016825,123.139097078901,100.12479019254523,20
68.9429619489222,123.91536360460074,111.07730879932272,23
64.96104715899389,100.22059487439898,110.09657419781136,28
78.31109746908794,88.3216099905,131.07249695527423,49
65.92576328904609,109.77648613177152,107.66253041795896,4
68.81860629474039,108.79196025056712,63.61828144820006,56
60.6866691324798,102.38089906674657,70.03710318005311,9
84.94780327368112,113.46733689121432,50.72784335040956,42
69.53849928055124,112.1898505220224,64.28628042916121,56
72.14846005272985,106.0974691133768,69.70569068644572,56
62.44111495405558,110.3591037865762,67.58787307066942,56
82.91629312293328,106.5713863836772,74.44260407040234,18
73.18996994923451,114.11585155580262,66.5636608474702,56
68.37813430631755,119.69163045119296,63.77979160356298,56
70.8774842867038,102.42664943537004,103.27078845588956,4
116.62792931778488,49.2230676176908,106.61003344448504,47
114.83929283427592,63.24471096867644,86.156094145425,16
120.42049357384516,67.65246388643416,57.52248820971051,17
110.36155160081988,46.54584348693497,84.41541063577436,16
100.54893476016186,70.32159746524383,82.1788237630433,21
130.04584113419472,69.14854038324584,64.66018833158142,33
64.48330089851041,52.51153827380105,67.09437395923314,35
71.96632913134785,57.56115439928595,69.29191663555794,15
60.412813448191066,111.17360817544032,94.31434043561146,4
95.1215074964832,103.03490979602388,113.07287972404612,49
132.11146646377668,119.01146022728793,71.10331532054839,3
121.30017431885652,92.3401225931678,59.84023303716888,38
102.8410798059024,49.279869782190936,58.287275173979545,22
47.75717003557613,101.50252283814218,95.4852120032751,4
81.9572808899515,54.78882956172112,131.9059441250267,58
121.223951686269,81.50945494973696,112.85729761536328,48
103.31565100212208,133.55023688200473,109.05552443302766,36
138.795695230164,101.98554892288492,56.80889088278092,3
52.00965215139951,102.05954946899575,75.02814727232347,9
84.38257840406169,75.24410927843414,77.86810971592715,2
116.82457574621012,70.62275295684476,62.18645183886986,33
100.10203011849222,95.89549945437152,78.9148889380285,31
107.49378343220076,114.78773460849293,79.69165775695211,27
104.71392045931218,114.14820323783236,78.49420603977998,27
105.36181655412857,90.40130814760842,69.69482282271998,31
114.19962505492155,53.95074270531355,89.7744922827693,24
80.05409664649709,79.97770051975617,75.71628443165953,37
67.8080560791539,48.06241925447662,64.63318916866113,35
50.89894685421744,62.04698931245695,75.39453392459973,53
94.45198276124702,53.841103554371145,118.5041100282256,51
97.91948664470176,129.23570893927663,98.26811243585728,20
126.49325302577408,77.77660628350709,119.28018629983625,48
89.77645809776038,89.04482659831882,105.15792069314736,49
60.2085222765239,108.75577396161964,123.06189825184656,28
59.49743861692674,116.36044773923078,101.83424825409952,4
99.68843244818906,110.38369615886506,76.93000650352992,27
106.38632747000209,129.0102370368282,54.15947981324642,41
120.64332283300564,109.18264268836244,72.36620115259484,3
115.95420899027847,99.21696332214208,66.73810191605988,38
117.40590387540438,125.13749905665664,62.66717350456947,41
109.51365649045282,116.54514828399536,76.21364308886943,27
133.45790779475135,103.14093310419534,114.6205796813525,5
109.48805421057271,131.26358085924377,105.21849636527512,36
107.75752057344656,119.8396254435708,121.443928827318,36
65.6943973043977,109.07304961802384,119.87983103733237,28
95.8430320839853,73.46972772896567,114.41636127230367,58
114.27861250294566,59.932257505822825,82.03587230885925,16
110.40840277745174,124.19861874777445,60.76805377960898,41
52.93322989020324,115.40007143199216,97.71585089789951,4
67.3886769825399,80.71184794097819,113.22945302937526,6
60.265298371993794,106.41722225770532,83.40754131793446,18
72.71467296528014,130.11704288038987,59.472519713217366,0
47.047415922977855,106.86658313235635,68.12262774054386,34
53.700367772022304,100.22195702921344,68.68788915857584,9
63.1140429957449,107.09099238492124,78.98853308028241,18
69.70291986364992,118.0773529339104,124.3421150500791,28
65.4306027036602,114.02729495563848,106.90937373692276,4
70.13754585531852,51.87241142259603,129.71489832629857,54
53.0352098724008,89.9279222706584,56.11881443853338,55
115.748159519727,58.55452904495315,71.24428440070939,16
114.7350076040903,119.1066324668124,70.7039712164115,41
130.1927809043382,107.20184931465607,131.3833641494855,5
115.04681774491873,117.87826939988145,56.257060125818754,14
114.9918767354838,95.78630353443816,75.264986846422,19
110.2439604953552,64.41057135282765,108.4491057779768,1
119.7427619252769,113.98442133945645,75.90698997583699,3
119.48920821479544,114.27839856912809,70.31645603182899,3
102.97291083453015,113.58865602149358,65.26996969787835,14
62.273164950504366,98.86940708542032,116.68396430235364,28
120.34418578499576,63.63831208345453,113.00320619302636,47
96.10599886797183,88.52541661866314,71.98378012432416,31
120.1600350617608,96.35583061646928,65.17005079365352,38
110.4750733195896,122.08015907953288,97.85587475979356,10
128.87071350546336,121.54245273325569,102.9763219418022,13
118.56725312445724,99.32059678706666,100.6102633681944,39
117.92859383315732,76.4118742000977,116.42267145059384,1
111.99230123825632,71.96023358997574,108.78865737217008,1
128.5515113722235,61.6583317969766,56.918957963218254,17
73.73542194194037,73.99908598407164,80.86594575107108,37
77.87930036023653,70.51682680937587,65.5662638919184,37
67.23418477054614,73.78440596754469,61.47559311061568,29
70.7836831603577,53.47971984554101,86.02166747624985,12
68.58136295186571,59.90575496832396,83.05830620536322,12
65.4654036425446,62.11780215081717,59.94114903444491,45
52.70529059500916,65.08621092381026,48.54179602709914,8
69.886665640897,64.92585300792369,63.82524255581937,15
56.70270407353421,70.02476853628603,68.32507867920857,29
55.87327866498172,66.62907703293209,59.16497155282896,8
54.69331310143174,62.14682087380172,131.99866446222657,54
63.03085694755365,72.12800617863905,99.59867537707169,40
58.97234271127465,67.2453339070698,116.65801401235672,26
65.27458294525472,61.38058896590226,125.38886156565005,54
67.78106642535568,69.75779485111154,115.66373446942669,6
61.43138737904694,71.79549103329862,117.4277508031575,6
67.34162589869878,71.52336180119788,124.8260622378573,6
61.53305438084748,59.237448135556086,101.83041801877172,46
67.24076845905964,47.78691304465744,115.05921779434324,54
74.43740952244657,78.38552121647554,92.57501101512274,32
65.56805472966514,78.2646892217784,114.14347183043328,6
61.37738636563222,60.30841156109542,104.58751410481604,26
63.923000235736176,65.85078044446581,83.53345991871345,12
59.44684250503288,47.39640355380063,61.48243401173136,35
46.113462780067934,61.89516831809525,74.54029896191125,53
57.7323301848145,63.8717082231798,56.55610998133951,8
53.63297514167521,69.24159954857174,60.94453286594212,29
63.60334178873185,62.60031564818804,61.45041910798671,45
66.97852157333061,54.8808001813649,66.29897388675103,35
53.52261087613778,69.16054829843345,57.61369620071687,8
60.6721865792924,73.88127905291675,59.6747654961911,29
58.07504761208024,73.42164702718281,85.41719646779741,32
60.14609061240401,65.684770916953,62.826924271082135,29
60.57084165177929,65.84346384819052,60.921752631859256,45
76.3959853492396,52.93488296224148,66.98551617726824,57
47.170199890188535,82.56143575580401,74.20998555031977,55
59.2509671231173,87.93332078897691,59.19680771610279,55
52.83224313961799,52.949145256056646,98.70870684989475,46
73.37193633273958,78.91723893580381,60.70609344514533,37
87.7615862454173,65.44470093022234,70.9883798749495,2
53.38935474141656,71.7798492695739,58.56924795179157,29
84.78346659115729,62.34096720561942,66.77537609809998,57
53.6803045528998,108.70531073870109,74.27527525433696,9
72.83840365859074,108.4994606186244,55.872800635036775,56
72.06335323863019,119.80628288946588,66.40809957567892,56
59.91402448806011,96.82024373617485,65.391806298677,9
65.77559046932898,54.926331271405616,65.3218871896887,35
86.99001647922233,62.41497164009424,47.3631608742122,57
100.32519798400824,66.01783015873824,105.66075655517146,51
81.57428206313286,70.1082548115373,121.40486597975058,58
68.3587705657109,99.52988451874896,116.23249508263082,28
61.233318236195,65.27941885130146,108.32483724088398,26
68.91621508626038,69.7239529765073,117.76207515390118,6
68.47219313518589,67.03714214140852,107.13293825324988,11
73.84336339725463,65.95687103186944,113.11178453739892,11
72.56918714790766,59.52910507561995,127.19550179430688,54
112.274525941246,91.61008236242652,83.24353290187719,19
111.4699827305474,93.45044981957084,61.42379372919631,38
63.96634105842268,114.56764498153176,62.644419908328864,56
68.3957648050323,99.59595694430185,59.95419843747032,25
66.01900673571014,89.02235825597793,49.10192562545101,25
82.11833866200342,67.671213866344,98.71526730867672,11
73.89331746400218,52.266272707610575,108.62426595472924,11
66.04621116253496,82.8127484270394,105.81533986653604,59
63.9085495346034,60.37652560434358,116.94261523513964,54
65.84265459351933,51.74241284898777,117.54878368347292,54
82.24846220673226,54.22083673621409,118.05276223764834,58
64.22685171821439,58.77949013800976,123.25371532749426,54
98.9684111094928,62.983831718338045,93.66323889815412,21
64.63914031509954,60.83170724008985,66.92082535859333,15
66.66099611105399,69.76371388814735,54.27556814583158,45
48.27642967357615,74.0739814340451,67.92039004328566,29
63.45418702526788,57.80809100087549,46.760641235277824,45
57.622668793592815,56.37425473512255,67.28822597874702,53
69.4671608302435,53.497981615738354,76.74416142148812,12
61.50513290463505,60.2677095098685,73.53343718502498,53
68.29997903686048,57.92647911580685,51.44458061594285,45
67.62157429971826,61.75346828594951,70.51220659157183,15
69.07615253574488,61.956568509048125,64.91271155246667,15
70.5584210969597,60.856362280648185,57.76520404465775,45
58.59789943854136,64.36642595250555,72.78791267948355,53
67.60319817832415,52.175856250812494,62.570964843709184,35
57.70194191540837,59.38841459964903,81.28442670667371,53
54.49827343016375,51.09690932218507,65.77043866179824,35
56.61998165407145,62.37211134818937,54.60309451927424,8
65.52482906448043,64.86472629320923,79.46970879326602,12
61.78797764887008,65.12375805197516,48.66388580764908,45
54.38971666769173,49.84424893268981,69.87217715916249,53
52.0196220095597,58.29579545920486,51.27367807907135,8
53.79584309372584,69.41906152881675,86.2866026413747,40
65.861439807789,67.31421087083389,59.08318754633888,45
48.14104095856385,56.79273802752758,74.75551747624655,53
79.88313483705817,54.87618484214903,68.23549410084978,57
71.88783975634719,60.24067012458123,64.61099308892004,15
44.39146853866327,62.75361065371226,63.61726264045761,8
55.60829244478833,63.71290033531459,89.00991468638634,40
85.51599171130313,69.90343101290829,102.31302388232004,11
71.07983424047141,78.38521161544024,121.79441467243817,6
78.2890649713007,51.99735928843935,101.35177789994812,11
51.4060432447216,79.24212681052894,122.6433388257208,6
108.8965084588663,58.34586169710872,120.21482103171552,47
116.23600180926636,72.57542942852061,103.02594104813942,48
61.519241913915856,55.18485315352554,117.84185862898109,54
53.88921444086222,59.63010273170822,68.09067845045074,53
75.7039715703909,58.24133322557048,78.24572229970923,12
49.20046670716046,72.59505490446251,116.23346186373766,26
111.61387246100271,72.46211245509024,113.18733172868043,1
118.81982936619468,70.28380892232259,110.30263972658555,48
111.36759988415348,58.72169448249662,112.92976967089172,47
89.3164047358335,68.51648994014188,108.9066032884327,58
130.27065635947346,70.57812230755425,124.45534578700016,1
102.7348494180836,74.54001119805447,83.71518993584483,7
48.02593652864903,56.80672205422332,76.00830041264734,53
62.31184489043005,59.086987906614986,76.06016842474442,12
75.41676558751955,69.87509678612004,120.61154204804636,58
120.80885405865952,79.99382997697728,73.97907122119145,7
86.98762184483651,52.329746545196905,102.04929075969386,51
61.52143982950002,63.12734671561208,112.74741188877668,26
114.74650002871223,95.68526611181248,102.11694789149207,39
122.30002190178664,118.08517619432618,59.00443004138299,3
79.7159418476799,78.60264044114903,75.4619173248373,37
70.58694715039009,38.42504505630088,58.43677271534714,35
53.981452236414015,80.33573543394441,65.28017751309628,55
88.59457360859298,56.57727704202311,126.85819442253802,58
124.3519606631629,65.63497287672276,102.1209585173271,24
92.1977729411129,75.58572865470805,112.9418283687048,58
124.70704929840224,73.82227070890995,57.02720755250862,33
99.91499514397076,65.10490800489536,87.13337196340785,21
78.67536550313184,68.1203622606367,111.61357445684664,11
62.45418468119544,91.12548808058013,98.92239369427952,59
60.25988283018221,66.7640517012268,81.48203440192276,12
54.68136118937561,68.55769630804596,70.62729278186022,29
77.49874056448272,87.40148918990606,72.4000414084462,52
68.78086514450438,124.27478838720543,93.86176363867705,43
92.11231409824173,68.09357821838323,118.97236931988353,58
67.3411895963317,92.44047267362733,103.3457561237492,59
72.77894074052958,120.46072912063843,75.47538324415865,43
77.83078322859217,127.07263620198734,64.98258392741234,0
122.82387619445848,107.47304662111608,52.23236531734281,3
109.29284537395245,116.22605165826748,49.46575129117009,14
110.95525982031758,108.49594117469832,74.05348052334027,27
109.66878425771218,121.74161983172118,64.83505022160301,41
111.3000647357818,111.39605707383193,66.19501569447115,14
68.45326020986647,121.34372725004673,88.7418884396039,43
52.27401733731961,106.78879716147677,70.85626300543166,9
66.66142893414329,100.81469039321986,70.13869641333794,9
75.51172218175532,108.99020443089113,73.48231697406061,18
107.90897840658768,99.73981122264084,75.08271246871085,31
104.67173353796667,125.3449462465796,46.16842263975986,14
119.7917213424051,97.1899954919994,101.70284728821107,39
116.22396729578108,120.58910171631098,118.40963997024556,5
111.12831149674685,107.79363390512282,109.13794659033326,10
114.7490901122952,108.5767755594813,96.60984407316572,39
105.8012119097257,112.0302510018624,74.2086397523925,27
86.73036443743153,118.66741069204257,82.16691418869974,43
111.0199654253707,105.50225172091989,96.6618229018411,39
108.06329529339924,129.60851109259784,63.780206039937376,41
83.09268142836326,103.92483731733208,93.134508889118,18
65.5854679620937,104.47979435132682,120.15116117156516,28
92.71043862840888,130.78089373413368,102.08353287952328,20
89.85560628238964,117.89788147819158,91.83546985960616,20
130.60835972877635,90.21176763023186,105.49439576439713,48
113.14722122077774,115.90141027119446,92.35077675794668,13
118.01209086796275,107.0155001762394,106.01373957413186,39
105.653344333372,115.91027230076044,88.54441143470969,27
122.90039167926314,116.01455759681065,92.35425238881125,13
120.57918662861528,129.65869268668777,76.84993937054655,41
120.57677941910902,111.0066824278448,60.82024042738994,3
104.81059154059216,119.39126256339598,59.38530313976277,14
108.09588370151812,125.55380065091732,64.12201358704179,41
117.1172648110868,119.38835111123288,67.79597121686058,41
123.70174831220456,114.70568968145884,57.33524868931505,3
114.90378247344232,116.04268703555732,72.50993777437348,41
130.5804758736103,120.19903104698538,115.5067667772539,5
122.07366147448008,115.70930866082506,109.29062431435564,5
103.25920906770524,124.4524530569278,110.8620658321288,36
118.62041424003117,104.36557488783318,119.42850004053308,5
112.75962282107852,122.20756405785374,114.64136469722436,36
116.77491310242316,115.4148514403918,111.27716093293982,10
117.4531592022819,106.96410846946868,98.40336427514129,39
131.9105664120735,112.29725031832857,53.65295273765624,3
116.14994177301465,113.70654301839338,66.85905339805197,3
112.7676561056872,94.59061415707367,60.918118623718826,38
116.89412375753224,108.97431313757448,68.85644985397263,3
118.58704765368452,105.41992037648916,71.08695824170879,3
126.2096246422008,97.5474536166932,74.60524583202576,19
105.877913403697,120.96875285708492,65.29922721361643,41
112.46946014695595,117.78008481632862,63.903218885671,41
112.24734086625617,118.31085731825888,75.03550637200404,41
112.80404569914708,122.98884624660408,66.32799873817798,41
122.6319567405504,97.96170600073212,101.41706718222824,39
115.3315013761714,120.23284768043644,92.6783800869242,13
118.98006872965875,110.86089092473854,121.61909599716262,5
84.54634560440721,99.51850773421673,120.81416220854015,49
74.35694748456653,94.0704462094146,113.03210132558782,49
72.52404266762458,58.76454859454925,110.0003809287914,11
51.79324926408851,64.91137694915435,116.41268486466592,26
66.57157391125689,69.53011907250479,118.3217652103862,6
78.86928753591565,72.73951878280447,104.33975844000484,11
71.95995330779627,72.09954768558083,111.0329378227503,11
60.79991079342605,71.15358790006923,96.02645232313286,40
70.54010049340941,68.22944655152362,93.37292186439674,40
72.95463452080249,59.28057070144769,103.18105888351644,11
67.06020042547857,65.76473450691293,114.9319928786616,11
94.20361151754406,70.30766778213855,122.88639416738768,58
75.28785004194737,62.14294138321468,117.83681523603428,11
64.26605683265387,71.0192046053733,94.82003935478964,40
69.71831555742665,74.78869257090084,104.47125720450666,11
74.35202949409008,67.2387970208919,108.48843978257268,11
66.26037472080712,57.74057994998724,119.39715962001416,54
64.32634491139127,120.82194868890616,73.50465663152212,43
67.13988282098346,91.07135041059816,107.6672508963876,59
102.74710351575516,57.35485311383719,119.31234937973092,51
123.7135441200398,80.2053446306159,70.09041973499755,33
108.65771505329708,57.71855373942571,103.02939909054186,51
75.93932701414171,83.98084910975905,118.71243531697635,6
54.714676940427815,125.9412804479316,102.40613656547444,23
79.94838353529849,102.73320795704848,111.783740351481,49
119.95426717176362,108.10704113739844,58.90265324113206,3
83.00563416813877,79.10766107497481,88.49388823773204,2
52.78545290856381,44.05002536187588,101.8674161449711,46
64.03539592521581,98.79771261696432,91.5413114478302,18
79.83341217150993,116.54860561248748,117.39890880977092,23
116.66340876879936,68.22343334580415,115.80821507033026,1
103.18828165961678,60.173523832724086,86.21185600708216,21
94.553971806854,53.53300520626347,62.98562676541417,22
53.72067934391403,67.84911004983903,76.21090475313787,53
96.45203361028884,72.9799753198392,83.0643978609553,21
117.00988189217048,56.732370173933866,69.85710710142313,16
105.88467840810188,87.22439310353579,52.44560445756164,44
114.19562364298126,60.04081490951859,70.28838922891043,16
69.19229213887844,71.19976931137678,72.277827256101,37
74.81875057079051,46.05007594822346,74.16228938868622,35
55.85221430344525,91.91178832384276,71.61339506368707,9
88.70100392493318,64.21630160453017,112.90057010895264,58
118.36380177770634,70.26576210880484,86.30451952050072,7
112.85615004281745,77.88226168090206,61.05193688845531,44
69.83412264170823,59.078116969383,119.0821885915804,54
95.51835055736692,82.04543091392455,103.52665868173143,49
117.5040616434076,64.01863930899438,114.2793228767891,1
58.798023436830285,79.21052202480247,117.28085288044646,6
79.09288075808576,49.47423230182161,69.45838611323327,57
70.90247331470962,67.7161729819014,66.88156847519909,15
56.16049051608304,82.55056397305518,127.44740880821796,6
104.32110671331414,132.1017589122469,72.67804206475722,41
113.6775945259733,117.90660134936572,125.50133845412498,5
88.31880625801836,117.02182979930149,106.93175660278914,20
58.43521336242932,53.618042084026655,110.53931068772958,46
55.41901558489272,74.7203984907663,81.50102389914,32
116.26170446309898,89.69644592038385,69.93267760944292,38
61.20634539677552,76.74601450244961,128.38577984205753,6
87.89211292399305,65.43281570796753,83.2499582532817,2
113.3832436229853,79.35515286187578,56.17419607098369,44
92.42565549180536,57.16080730570162,115.50661671799728,51
105.64141107442924,118.03126908473769,67.27381062054943,41
123.64168590129329,86.35105401497016,123.71847116697874,30
102.16018697283648,62.69095284491037,91.85600374746258,21
118.83688460224926,67.67853161044847,80.11012316283048,7
59.3756428610868,99.41021558561876,74.0645541170053,9
135.41075325478587,125.71770238533868,66.28737153776298,3
113.24140786906904,104.58547631641432,111.3983076726943,39
122.33284831021666,55.25757769400976,81.69110529417826,16
89.62007615320913,78.9137214835017,49.9834576008579,50
45.62729384041849,85.95805068941645,113.78481401616465,59
109.18922441502022,98.58502544128471,111.90730506250785,30
109.98771566846334,128.70319368440627,140.19068203750496,36
122.43533297995748,81.98387777060456,83.31147290367348,19
111.84499242361258,54.301733765498426,56.29639457141823,17
71.57022986618732,81.61498006328607,78.77071381076766,32
118.2406854276934,52.208794777340856,123.46974586761868,47
131.39610496526495,86.51165248764265,88.0868652886277,19
119.24300725329094,124.74925071503652,63.00965544738874,41
78.94632877272322,108.05463189849952,60.694208512917214,56
54.46396776414869,106.59969796362402,82.34716102583471,9
113.53863614664596,65.47258506956011,129.0542906771075,1
96.8480048189806,100.20344273297074,71.77871920039266,31
57.18337246155157,121.336842439665,122.6410332419906,23
103.152567333818,103.99421337389695,79.6062334516465,27
112.08003590892196,84.36842250421945,84.48111430882136,7
54.2842395509639,107.35295395525262,109.48787248300954,4
93.70765412908598,68.87103740457897,91.92664832442944,21
118.7261099890438,76.29353275323497,63.59527405554528,33
118.96475198555665,52.086519032095545,127.24391181681388,47
53.92017475997667,124.84014138963838,97.00853414696236,4
83.61049670028893,102.81984084629306,106.32615330291726,49
106.5443045693604,123.71106336586728,107.81196993380702,10
119.98201292051894,111.85776050427486,117.45078047354264,5
66.71861519691927,117.102234848632,103.48844180573566,4
58.28200899147076,64.34334033971047,117.42577231190396,26
55.29126382275854,76.70061419694174,94.3247037421245,32
92.61725654436847,61.13419552371487,72.58077138769674,2
101.20325255229572,72.2345483091785,89.77077684077794,21
63.10546239271783,133.29821635390954,55.88184555940833,0
50.8300033210781,83.02473741574185,124.05248812115418,6
55.7574541786642,85.84295607221821,58.47538674002761,55
54.03701766468341,53.39501529459256,82.48356890062813,53
95.32057544100374,74.06579558710156,70.9089230048944,2
127.2726065862168,64.13630331928975,87.47198950689682,24
85.61024613925389,74.45944898666335,68.14921744974761,37
52.5036382169154,73.7901832524681,65.46871397137369,29
77.30192127882863,60.63910722226741,56.24192712396484,57
62.47001696137431,62.719075750045526,81.07476200127608,12
64.27121120801012,73.43270347788315,124.41697766348412,6
61.52657311364851,104.4679637680362,116.48924758584972,28
64.05067559137575,127.77675838839971,69.85312194597971,0
56.29398662635723,92.71565363981972,46.88519782801202,25
71.72226066209781,55.47826895252721,71.82488231451396,15
62.05838078522566,51.45883381886232,69.58261915147764,35
50.02605005438417,71.13459501947725,101.67098911720026,26
89.14248039702377,59.8307848327612,123.7148077452804,58
118.91084655665868,77.25831143627413,85.16070555334984,7
74.82274483799722,119.4932078916562,55.024733949130045,56
56.67432462492008,113.40242317793285,105.71342116789562,4
95.38954804616534,119.23570259147856,108.1899289016808,20
116.64802702618394,103.44928978735972,128.08943169697986,5
64.06249698651227,118.01762758680472,110.32137892957785,23
57.40002402198383,56.44828374945574,106.61114297393016,46
65.36744368684654,80.6459617994791,61.623839188014045,29
75.15960872522385,95.5369883425768,71.3827834121342,52
69.92739747629524,137.88939292092851,96.66384578898872,23
99.3650907742472,116.62416043980566,108.10009455204636,10
65.08216992769192,98.82208041583728,63.81199691502356,25
64.73329074538809,76.82945130116914,80.25115853402981,32
61.92260136054608,68.89922263081147,102.94091434324696,26
59.73423690266228,83.4253225042329,107.64563143540836,59
100.2605906746806,88.80140566493726,113.97225146371272,49
123.43150897859704,92.18780898254468,80.36021389515584,19
94.96964325222768,108.24295991947922,66.01100889010641,42
63.12291547804278,122.94945898182968,107.63243937853058,23
82.43826813442034,129.37298013234513,97.40272411375032,20
117.046923692262,72.85270262339549,59.45653495348717,44
99.09454244425274,73.65506364897364,61.49491748213296,44
56.20027205603484,62.167393522997166,67.50996669159092,53
61.74445011709225,103.19219023575003,75.54221182393512,9
79.39770419540865,89.61121514555622,107.80270116693951,49
58.02404155604377,108.43487686931608,93.75187280220038,4
51.16989151091302,117.2839224506346,57.7131044170859,34
55.38311979218123,67.47803011487748,132.4795440689533,6
63.48116559195963,87.71867732789248,66.73188985939694,55
64.20905991445888,63.49998615745139,76.01878934290974,12
75.63679332696489,58.16297282970132,65.34978889249474,57
87.63113728968766,67.87003619753926,56.064693560193525,57
112.89107939366548,49.656830042859184,78.53713630230278,16
107.04807695238864,87.29032587992062,58.67735978683988,44
119.37887505720931,70.86976079603528,97.25259803696495,48
85.7606523731367,75.510063311909,116.03139345235998,58
129.21874978220188,67.46585946458077,63.16502441301141,33
105.64918701838022,61.23502167102622,66.8736684229694,22
112.64109444340532,81.74472808031065,65.75996469213413,44
127.46939291035125,91.35230316766268,93.083934068235,19
99.241855122517,98.14815519709764,119.56461822726604,49
104.1985094444634,122.44920519884322,102.64826553732264,10
111.12457298187918,125.46517355134682,128.5491623173813,36
121.90185375047676,105.57621573265672,106.46145347238696,39
128.41467954141442,103.74109266542844,111.75496668145134,5
112.05421504249048,113.02740755123752,113.62119686721636,10
107.39605428439351,118.62135432994826,113.61559255590932,10
109.6720437048502,102.63681214382449,109.809148300161,39
118.54997216428508,94.73777649768356,116.38778638713886,30
129.5117941751332,85.11098124751008,100.8468615981148,48
103.06583817099862,133.4311330795692,65.94046568120265,41
118.14476728647784,99.67992724327137,71.24845300670891,19
82.99918581703969,97.25220894152253,42.594950297623946,50
69.0983648981903,121.17586315303204,68.89163694148776,0
68.29451361444767,110.6930900625605,69.83086768505026,56
63.7202620315296,95.10550092249224,120.69945275365824,28
68.1756127365147,131.53777486097536,104.03418349165824,23
68.12156064847841,88.54257652387976,118.29229433918532,6
73.52784479771606,77.79276915398624,67.5787040121136,37
65.76492815280064,68.36455735737869,54.69331134165282,45
69.28925765894503,62.88556043362681,72.07118819020097,15
58.445046787170895,86.96907567715374,88.1441626364923,32
67.4711182912377,122.820920343519,92.74774194227444,43
82.51406418039912,118.30590352897931,69.87875449821846,42
48.823931383689526,114.8431826762804,69.37671120425138,34
52.85366227797109,116.55177712317526,68.03465205150334,34
74.30946905982675,117.57541850130028,69.17770347199567,56
64.22205834240877,131.41039520164557,114.86663021627756,23
72.70555428491272,119.90220279196669,110.50855722817718,23
56.54960366780023,96.92054165145224,104.71763819277032,59
78.58049372640538,109.11600281092883,128.5334343246335,28
70.89747296994814,121.83127711389366,104.07533677938363,23
55.20328559867864,104.025453460842,123.7083015636544,28
63.351082287804815,132.43749608417144,119.77100453382904,23
58.29993388030246,111.02739630453564,118.5010841570009,28
70.42285046390916,110.79236581641408,86.58979050107686,18
71.79908983863375,114.03853024000578,59.81685930080473,56
63.000472862895954,95.30180913060296,63.67659089821776,25
68.29435872158066,113.65520447598578,72.98904670054523,56
74.75575782292431,127.36709540920592,111.81759394307558,23
70.45073964030506,113.29208003533998,108.99152165224297,23
81.29616180607721,120.52095502201014,96.8714632473716,20
77.67771887818391,118.1666231674688,106.53197023051229,20
71.88211843798504,111.49089721749796,77.41223489412108,18
54.60845675769389,115.48921251339026,54.976698453028,34
56.08498424533007,96.44106750890242,64.9516212702417,9
86.1834593419596,66.48572626948567,73.18687105488452,2
68.99718651804103,67.88645015094073,50.705857483702594,45
55.19407810636451,59.85240403300895,71.42095368453107,53
83.14827994082549,56.59304233725825,93.35018815954092,21
108.05344423544828,68.88928575393419,72.68391930022194,7
119.43458744284663,58.82650192884237,57.96205811694284,17
82.45159484145644,69.86854479266931,73.59302580683473,2
65.40561682097615,64.56984017577041,110.7574541289547,26
57.35263822772787,48.03506594670059,125.17974204551128,54
70.79818765546801,60.37332108918279,121.2933163287502,54
54.97492806288714,75.95052268813083,102.07958414949633,26
58.2259106035869,57.05075196927826,80.78845787293426,53
65.19249576812135,70.35287017358532,51.74003540289805,45
68.2972800864604,49.779274720185335,57.83003556883577,35
55.36604871113963,118.3229897226282,111.52689904596394,23
99.1044814779574,121.63356709606738,111.8429377880676,10
132.042772618184,108.52847672261788,94.01254547121071,13
113.25183500801866,88.78432200685772,64.04249710282849,38
108.11128691459471,59.7929492211007,71.92904506510901,16
61.02303235513528,92.45184612509377,60.50221344668939,25
106.50981811064791,61.71956557976138,62.82725830405443,22
109.07063440793311,84.68622663187581,61.79589558634977,44
107.61667980510788,89.68015077943363,96.71856374588305,39
111.97741594713877,125.98671646970377,74.56847244770691,41
105.35141334882626,108.16895114631689,85.74262648297108,27
102.16604120041016,97.14037806734667,65.82330087437548,31
66.06063346535429,105.13147944918514,72.09789951120909,9
64.21071883526098,84.88879159640054,69.96125968519264,55
62.27098539081084,55.145717482368,76.10494544180041,12
59.55759949314897,63.60401279650165,55.12371248302008,45
59.19047132987648,61.40135391468301,85.95622636674004,40
67.8665786091173,67.45218512105082,66.1554073339435,15
41.22214583155848,77.26119569764667,71.34524661820099,55
60.33567222379445,62.43067944040355,65.16216192593365,15
48.11182634823132,90.7342872750403,58.97608049661021,55
60.20080824661424,90.3948314099481,74.21646547198945,9
68.05818725552868,64.84896847715123,58.675573769934445,45
59.96821531844728,68.92104541879533,61.19271491237895,29
69.76252414706794,67.24176537475194,66.80290600565336,15
75.08492828112156,64.56617410570695,63.85302896792595,15
62.19081137174479,75.349934081761,61.3344676208914,29
66.18918415553581,55.795472870388586,67.12233872452663,35
72.91734778275409,62.92748583040902,83.02501079031092,12
53.65875908081868,64.88500105585639,45.95993991032684,8
67.89664342088777,67.58669075676438,54.13364720129015,45
82.81413953933705,67.9418532245823,56.25788804163887,57
62.03109100229892,57.49931489073249,74.91799037510972,53
62.22936790052263,63.83043960905848,58.71238557319087,45
63.05198440168037,65.6723974712808,90.0482243686122,40
69.87135743583326,65.51822815151486,109.01508221498052,11
63.32962788814121,86.68718967224055,120.6981229188133,6
75.78409639010356,60.599706126144426,112.61064671605736,11
73.92666123837301,75.99459373551495,103.8181391891056,11
67.0848723209446,47.9753247864185,115.57834278216724,54
69.6796475931535,67.54572023919788,97.58409670957194,40
54.5032133807945,63.761653884151976,128.735178618046,54
57.63416382222043,80.18584720135308,109.67589809182148,59
69.42202124571564,79.68598599319604,116.49903108248922,6
59.97907477422645,67.41251902952493,102.02893931416398,26
63.680250564541886,64.06752693807063,89.2326114241161,40
58.43355176301941,70.05418614807282,124.81238146449525,6
69.72414565702437,62.75743791138705,113.38766185678618,11
66.97181385609139,76.84782078215471,74.98490010873728,37
67.74848842118921,55.0830705140032,83.54859272167627,12
76.54202010177247,70.21936765570847,62.419339519648965,37
67.53448451341752,73.6112342213583,90.5939779984667,40
46.42096404156707,72.03003750885128,78.0887407869095,53
52.79328817593439,54.48223854435457,68.89323557456987,53
65.05995178490053,64.42989121579295,93.1472258269149,40
59.45060909802943,59.31831940877044,96.77821183913896,46
66.17145982732788,80.7933460320596,104.59972849635558,59
68.48264106896305,70.19794045243117,91.25777844136046,40
70.69819256497946,49.88272028424856,111.33989062014912,54
70.59570312276432,79.09682766854768,122.36792296127732,6
60.29159105340177,70.82730101933619,117.25625073209876,6
55.71916272331579,69.03397059725472,100.52579953585511,26
68.14210301552868,68.83707897846838,117.57839357645796,6
59.18178860473419,95.2157898295001,105.78846201092044,59
71.39716389169311,53.13511274098753,125.87697303858668,54
57.35151909023504,64.32375960479698,117.42504346065232,26
63.2170999900469,77.06807886049613,112.3856190448264,6
75.58854349798504,86.13085806634211,104.67469972530004,59
52.8964073414279,106.03155167260856,95.33067324351634,4
74.60780620462127,128.56528965502125,113.43928701699252,23
65.5540053603853,102.36828137430786,128.28284768009772,28
63.15820305437534,101.12555669497472,73.54328584095903,9
53.40216475365499,72.5015401552247,65.3050261906127,29
56.65143087429033,60.7394497966999,64.77286374841073,53
87.27050007026811,70.84932734659223,72.70101278189087,2
50.23279713678593,78.70922636650045,94.93148111489698,32
56.66354896978621,56.32392819913225,64.03624838384103,35
60.0523707221155,88.39379801773006,72.79596682357939,9
66.68413784828621,65.96285639722282,76.94777795034567,12
48.525139437552426,50.67696585078145,56.44444922445055,8
48.5221628170498,55.65085709399966,59.58693952547837,8
55.83666608679887,71.20614999887115,85.1533948340219,40
65.4198610525511,65.60067921328162,117.05350128034114,26
58.70802182133098,78.51517691669923,77.84788272906248,32
55.09889923348274,56.2064238224142,54.59118998838555,8
70.34511796353392,53.67471635597886,63.76019106720561,35
64.440343010441,73.66060006446057,69.51263999048366,29
77.4018331284076,92.3776154963878,57.75903535723809,52
55.7194299726245,122.7260969315852,57.83748242913379,34
51.27403359111044,130.1090657164872,55.55113119510332,34
63.20843719299382,137.2826143731711,65.10538445126151,0
60.53460939369074,114.15548997226892,56.242006584257226,34
60.12873833802903,96.03122440212816,64.6295624462653,9
67.20257352874698,52.44906685752625,60.52614159321767,35
58.96646860914168,71.39433849448713,72.15259715952284,29
82.86008901089842,71.98883255811435,67.95478541184909,37
75.35187037610746,88.35907655443525,58.42978642529256,52
118.32147439447888,80.61016215693085,70.95484968575293,7
105.8813701196104,81.94251004349168,61.05812975335352,44
108.267749111576,71.22997968485693,75.54291690060255,7
98.8364953313489,74.57672512694016,63.458282398508814,44
105.202403276434,50.64817886058811,68.64993136102032,22
124.379530197984,59.993902375412105,67.391604437316,17
118.0462843803235,61.21471329815412,74.9758331580644,16
132.74609329654987,65.91458338365858,58.04326509319959,33
119.13653880333776,79.44753003472667,52.68689325094891,38
115.99210037147522,56.84377597568072,63.53296043942111,17
123.10436936936614,57.91855121661975,74.23435889477948,16
118.80038347596476,62.82779541320926,89.51736315211723,24
134.74955049947002,68.8227337308551,67.01783391307254,33
102.15226816455989,68.58872912066097,66.19773912623563,22
112.02413918833528,61.98602783021141,62.95880576966034,17
120.51782697602955,69.25779893503588,59.25264902569472,33
117.16466875078052,68.67783315028585,70.20743647120571,33
121.2433581460644,62.98690324320712,68.74400632835838,33
128.0236922225114,78.71203545604108,57.37269524856382,33
117.46936885595636,80.9744042240809,65.1119078278227,38
114.90925177366904,60.05494454085608,49.936091749965925,17
113.0512176381954,62.49180198923481,77.70873300609612,16
110.06108662997508,76.30254265993197,64.35552064131004,44
102.1370766096429,75.56183331741514,78.30909582715614,7
93.44973749793328,57.01777728412561,68.18488719107592,22
51.29179073415117,82.45924304960175,81.03855534852877,32
78.30456305839101,63.34727173389802,68.14237878122604,57
76.56031605353152,101.00148882010564,68.18300960588797,52
69.86066675678349,100.75021878543302,93.29915850884116,18
136.85042481491718,64.21739791228973,104.0390774051596,24
60.17493337749061,65.14987106111967,65.88739263497214,29
63.156528676206754,44.06809890970296,70.27565677627547,35
58.50512190178606,96.5551090350164,73.26453857455957,9
70.69921394445856,111.40978445864336,88.05895917998333,18
62.56845909075628,108.93006548101162,104.23432830131571,4
53.99334693992032,53.58199014658511,108.44691916793909,46
52.321005473078365,78.48205149421831,79.7167506634372,32
62.34541860015701,57.37664814241432,63.44858837978578,35
62.56962642086374,57.18410401329178,79.12130655951123,12
124.4747533432573,70.37766509045309,65.40209001136493,33
97.39780351460932,77.90618040254328,85.10072700097858,21
90.36674958066412,59.67863434408108,71.50189576551703,2
93.99032325877376,58.23998904039097,65.73001136075162,22
44.286464195203294,84.40780816201165,75.65579411405602,55
60.27830693895412,43.96040628174114,63.75030673119164,35
82.52952559425556,69.32226784031663,73.63012173424086,2
76.81238059165831,69.94786730798069,76.01546492404545,37
80.45238573021108,60.59507341638388,60.54086441999671,57
73.25996350751291,67.39160411220873,58.97516457126396,45
53.56806602279063,73.09039281666784,76.91906873839359,29
64.0250522891899,49.69898200951799,76.98798349965664,12
57.25678844150863,86.70686310467534,71.77495218525836,55
62.54762564263127,84.65562307419893,87.89477510150466,32
73.35882899596851,61.8512065052491,113.96799444960432,11
73.85444149698445,83.51253601725536,65.58348302902881,37
74.5286874924478,81.57913704785709,48.726261591309566,50
78.61902418766287,54.50054853551237,54.60082413003892,57
99.0910641129037,67.77981089661465,76.59110366465849,2
136.69203406281085,63.85250654132655,74.10962349056622,33
121.52302190598613,83.82328533243182,65.47309062488316,38
121.746764582135,51.44685017413153,64.42633319012424,17
123.6802762882819,75.05312062657251,74.33740636710417,33
105.73913272141267,60.82565621015301,76.48016377466416,16
118.6399001745358,69.62274536030783,54.9485270717944,17
111.41674265421706,72.05916594088404,62.08209598221993,44
114.13681073179868,73.86403941335814,69.30449696337288,7
120.70742429836471,61.10483068380336,72.26523418263545,16
120.88485616486008,75.32967514536321,65.94107336917072,33
114.0538623705475,58.158393657992136,76.56384589070045,16
102.32362839589727,65.24294137398174,91.5033080599822,21
123.29243210465046,66.8969803740011,67.16172196791359,33
101.1765478970666,58.006456181174215,63.509741525516766,22
101.06266467056128,73.71472578981455,70.40913600774714,7
133.9702092268595,50.415890206256535,97.37648752151853,24
124.91165151424111,69.30621774848628,65.24499547905414,33
97.3274658683302,49.59615840440568,73.44147138552478,22
66.26820738254033,71.28757381383988,59.42811233648035,45
72.64719107318133,47.68442552557021,62.51061022054746,35
72.15877030895014,67.1831323747783,54.88935688606985,45
49.79250630549906,64.44353762433005,60.06838113670463,8
74.50193863668125,74.32754473493485,59.75933543317279,37
53.69966036358792,64.33690898457697,58.36528439571782,8
75.95838319533601,68.73499652270964,71.24154619628955,37
65.35174144959156,56.074917208460455,115.29493515982016,54
84.1163945399253,75.66808387380613,111.0638096766003,58
92.55646685246026,106.62157117076352,126.51888105728032,49
121.5867657663491,120.75850374576927,94.9075887831804,13
104.00668202753756,114.80683997336008,104.61081429678832,10
119.38246574535022,61.63376332070048,118.6391332213159,47
81.42301402564347,81.70146964735204,81.3074446506486,37
67.05540565873967,51.20696928541213,64.64177858713542,35
59.16320871763401,65.61641588786176,75.55217949423407,53
87.34321256142869,61.011359011150695,119.01771722927997,58
68.76606570915311,116.03737799847272,76.02186801700306,43
114.92795586724594,47.79755670026188,80.7967024901172,16
125.34349598996828,61.0205513802872,63.1529786475821,17
128.79022884579427,66.76999565242863,79.17035935503887,33
94.4184718760531,54.49519430927961,119.48080610826466,51
72.58077082539529,78.26146099833082,111.62082602979687,6
95.02244344451202,66.00173340915003,108.53649077021754,51
74.8819684038532,63.27487422046452,111.52453112110572,11
86.83024082835234,50.64219111015011,108.29229447145865,51
90.34093104212587,66.52797399751748,106.37154067715431,58
84.19376670476606,65.90418212930008,112.08760884787166,58
55.06354698724139,62.914190181700974,118.5257497472582,26
62.86258033885499,65.73893861940833,92.27980991620394,40
79.66952787623714,65.76776322590405,87.91506093227063,2
128.5132113796362,64.77826486081022,69.1067441808123,33
110.75376408920263,62.74486360734761,69.67858318705208,16
109.88820495262418,67.97057205955029,60.90315830934305,44
113.3505173379631,56.702715881533,68.76774121221268,16
125.36874363824003,57.37352113666618,66.22387415237624,17
119.09725856281848,63.09865451780804,63.790639515221,17
120.85821349133973,66.61371778379147,64.03903532145908,33
109.9854381766489,72.3264979809768,66.10545437678451,44
118.61484494512092,67.92485178544337,63.99823789536645,33
115.6750456924488,55.37812100846743,69.9686071964194,16
118.34059799696148,72.48019958048222,70.6217215010544,33
123.72129456297814,53.24446897466958,71.94144940168698,16
107.79833664382969,76.04402277768614,59.2685937580718,44
120.44306971207966,62.390713283507935,66.08370789253819,17
121.01522090888332,62.71259316326739,64.39899848297281,17
111.62803643915008,67.0460460492503,65.20347781785715,44
106.38581918759184,72.2876331035694,53.75552938349644,44
120.50423095959492,57.96827394239664,64.55117665296352,17
124.3556048593914,75.0624576790783,65.53359062082241,33
125.40170249788936,72.09549414532611,64.78395123593066,33
100.91680093752448,68.95193634777145,74.72162904697143,7
137.49143963678648,70.57974037916311,63.39272852740431,33
96.2925730712934,64.22893631429477,71.04570017456071,2
107.78917144088553,67.76624478816206,49.7026192100491,44
119.59836058739089,73.78711029960701,61.94068386858874,33
124.29466099730332,66.01936435713252,70.2897308900566,33
108.61619695208158,66.95028176074143,62.9981508910098,44
124.97220520853756,60.28054722958588,56.38798663571445,17
112.05064690534196,75.71690895165915,67.69784942683229,44
117.86517213211626,48.9490472947172,65.99819953845164,17
104.8759765194132,55.42274708706116,80.77708829013508,16
126.48157683134689,74.11703822749413,58.35007340420674,33
122.87664971991548,71.960972045541,55.59424255684269,33
104.17465736828908,56.34625437883506,56.45995066034016,22
114.02298279022948,61.91614181151878,64.96410050813553,17
107.85557982082118,73.92023359903241,69.28565162952383,7
128.69997742535907,52.38249612275136,69.48638323104981,17
87.84678494640875,81.14268001769929,49.377258867981006,50
74.34916492734921,60.59504337686559,45.63418190981453,45
50.50238880499527,66.003361044594,80.02835177566408,53
53.23492685157377,51.65367352802338,106.18696019574648,46
48.71322407611682,52.438995999847045,132.57909395097315,54
59.75331915840825,67.09680399026293,109.4082938230684,26
59.739479448334514,65.53149891462378,111.59928249628209,26
75.47806690332092,61.008873677233,115.7928671540339,11
69.5047231366215,62.0236580928221,120.45862078180733,54
67.75938349483555,62.77770826387034,93.4984819330587,40
77.31874623312558,53.21122512818985,64.48870652984844,57
54.99985191296423,52.1392523457249,64.37484272353211,35
89.43621186023097,58.25391274489567,51.55674039006386,57
111.98531893552384,80.98008863477301,76.97139853143109,7
103.04976137730216,75.01215208550849,59.81025866196349,44
97.84265666636476,62.13945950441892,68.18774958713092,22
51.89739351189434,95.1358255224078,74.09899799106847,9
79.92186277644882,92.53081113836366,62.85645047647839,52
78.78872340742748,114.7724759866868,82.52457748790329,43
74.99058853701268,95.81038083982332,79.19151858897908,18
71.32439080752009,97.2149181337452,63.89518139685456,52
63.78769338145813,62.06806023141596,62.37606997573774,15
74.04722600382797,67.21461741768522,60.25364542965051,45
53.94517137642413,56.05385195962364,77.17143933430158,53
59.39656780046004,69.92599106762205,62.8663557533508,29
85.93633816190483,57.73557809731718,62.578446002440806,57
57.42790904944293,73.65939485149998,64.61551774091112,29
86.98256194889935,61.76952060987514,53.50139775134316,57
64.93577754046366,68.9225523554458,93.8874405738242,40
78.50420711994376,60.71054561643136,128.31964041219305,58
96.09192583423594,59.135940968677765,92.68192188427336,21
105.9896633985997,54.24660371295717,54.582988398770816,22
112.67364387716388,86.72946452271368,66.6169306290848,38
109.44143721337656,107.80577299862134,71.62452346967638,27
112.42479461379529,119.53525437893448,66.5968748650597,41
93.08887559972725,120.40472722041656,57.04026800263638,42
102.35800034074836,101.91245248058289,92.64374820728864,39
116.04765570208475,117.57825027807048,114.09736286441093,5
112.92702799927582,114.694968326521,104.59286186505948,10
120.64198688060183,70.5271849540503,109.50091581080116,48
90.4160643572173,82.4401738460595,60.40189162718087,50
61.16477779679774,55.35867237385474,84.97918117642332,12
75.6064129002584,63.35215475990248,106.79223591462284,11
120.03943713595838,49.40735882101218,121.94643174889316,47
88.85374623598054,100.10025730922432,108.24840333618992,49
81.27042456633775,70.06630036823562,124.20464473999736,58
117.32133547015768,68.1327092221474,94.55437553395744,24
57.24569660886652,114.63039988455972,109.84355756120976,4
111.17388895494328,105.15111433814936,111.96761784227104,39
119.09068959287391,109.5462247034126,108.59854537255391,39
126.44490339123486,99.02059975775288,108.75992806437412,39
98.76614104192672,121.08144416710434,65.99985107631149,42
112.11447562751454,84.76921353743278,89.08292378075839,7
100.3762815461048,58.21778802597807,114.46470437724032,51
110.64671930697938,72.74223810813838,104.82322839238874,48
110.01840898198608,69.94135590528477,121.1786146614328,1
113.746217890754,60.85267102276424,90.52528395311292,24
114.37720635165223,65.3893428709631,66.15538687704921,17
94.00646852081668,67.08910173105745,119.32021052912329,58
115.92150358020122,116.00581108391478,106.95488525785952,10
102.57646174999914,113.24102994519936,110.88801385489852,10
113.8962131579167,90.73827335010652,111.96056597905442,30
108.28321672436056,107.74436768994072,108.06088358055594,10
115.10885826414057,119.90099802055214,108.91926351415798,10
112.48120363862004,101.4689333889768,110.20943898389253,39
124.932974481385,101.50074787523594,72.68577937692122,19
114.00149818954289,96.61982210792904,73.1510882937248,31
122.56142795242502,49.52957115384696,108.98249829933997,47
70.15987063072379,90.68245013836132,115.08785145159244,59
75.51423041354349,100.65435472833003,124.45583835205052,28
107.50847095446768,97.209373696306,118.38268919387146,30
124.1399100472898,112.26909761479584,115.2939722803188,5
115.09538043807858,90.67358624291336,119.3776722284949,30
95.4341268952479,61.44890210954991,102.53510950255212,51
55.855753761351735,76.93161983307226,62.27744795403968,29
95.04557278625802,49.14450591166142,50.595906912226,22
104.92373425683984,74.77878582223427,101.32778040860504,48
108.69935491277045,88.56747917869421,114.390587551154,30
94.50487725597311,101.15787478685802,56.144489342089706,14
88.36166351957343,65.63148118756625,75.54368083596955,2
54.32543226745875,105.52564462057975,58.38146264938876,34
80.09667165260846,108.78622294203352,72.99877705759243,18
89.89556117380354,100.26725811182467,59.94418056030296,52
58.36877991174361,115.67612380387244,70.08496309457885,34
59.703410194693326,103.2458669499253,61.93610383750302,25
82.96375394784647,63.96456196409839,75.56830565242304,2
114.04598232734912,79.63763102955865,44.67732625641448,44
99.01222416034528,49.07593221612084,118.67576389743763,51
121.97827507587104,76.07216821295252,111.55157646257422,48
102.19354721122916,49.33464489124574,116.35693832840298,51
117.49646278220598,68.54225154289665,65.16811596308541,33
118.87956710084984,56.98300912662928,72.39797449746534,16
64.8882491852947,77.27583097313307,130.25033110974996,6
81.86623080161948,102.10324970522105,110.33311204077644,49
103.15867144112346,138.56896577288822,122.9269214347403,36
100.13752252428166,122.57193414248594,118.84399834152526,36
102.26494927247823,96.3091798337871,106.75926598876684,39
99.26117465727027,60.822620691519504,118.15288737898489,51
105.23316772212893,89.6207931957553,63.47272075539839,31
117.28811095582536,110.15740478742816,80.84918688970676,27
119.66069977652828,112.8902136418085,120.62572947927242,5
104.70297863430766,114.83147895150718,111.06892799918296,10
115.50154395273354,56.0930255750394,115.20938728283105,47
95.30157136718827,65.32930250538249,57.21550607182115,22
98.30188315356506,61.36295673600181,81.63054123340376,21
117.45683970568706,82.7643637049763,61.76329107476053,38
113.45018860672296,134.07428772275884,80.99827635176038,41
108.15636029743982,79.22802442445601,118.6241553426995,1
108.64372289241606,52.93781333176024,86.07503976552356,16
123.9560755167366,67.7037975699812,59.35627897179168,33
106.4901837125239,65.89684326446144,96.71406645351549,21
120.10698474538772,124.03776283285758,67.30988847568555,41
121.81253793250455,113.22508169096838,91.71066627642088,13
117.21969360953544,62.40915426188256,116.46018944032744,47
102.82395707729164,71.4517785901687,79.04116223865653,7
57.53553163378498,54.8508733802105,57.46023732180786,8
69.0461930072511,92.73685810382298,62.36745166189785,52
73.7398952303731,128.9308338274895,82.55539381623485,43
81.7894015323935,74.26596763447627,109.66332329215614,11
69.72885447630281,71.90592281405652,86.17507269258904,40
70.12003078098446,60.41791613025664,50.55923828498612,45
64.00852763202683,61.2309253110016,71.94410005596264,15
104.66005723534472,62.96146823583966,110.45274680296863,51
111.38030838923844,73.08987108672873,112.52835391577536,1
103.0580526221342,125.0615048176355,124.96083370317864,36
118.61858552369657,110.12122269452983,106.08656367819933,39
121.00532569033128,88.0756421209927,119.38546972637128,30
83.63869423285979,66.41624350508094,110.50096249085452,58
53.86488171469351,59.56033755406465,109.91705002650856,26
55.78372360555164,73.41260223396071,82.13114693852633,32
85.91158281015073,59.35448875605254,73.54442357575742,2
71.73740311217253,74.06017103246131,62.88355911990303,37
68.46121658886064,85.96930709232586,61.950586997002056,52
63.47780020111715,77.80034160210154,72.79156250981836,29
64.71412134422177,83.23636505688395,48.447359055767,25
53.47344646785259,53.7842775245775,94.21278771098171,46
59.656129582553504,59.81662967197253,94.96485126028752,40
82.14942334454578,65.02713109538449,121.29548310980964,58
119.45729990345288,60.26846741326241,95.25175964863712,24
107.69599795305788,106.15355067068046,64.39256257573345,14
116.82546665459624,118.406901442637,56.10204769081201,3
127.35175433078652,107.49614995076544,117.69554958605158,5
120.34802976253924,84.57385676804472,103.07876688506636,48
104.892317718711,118.07242244279122,59.1891218811684,14
136.02970216265533,107.89419442137157,71.37059350155094,3
108.89136620507388,114.20043045484525,60.846713457400845,14
115.3316502354411,115.35769858907082,68.1066240811526,41
121.11592522962148,94.01088800074952,82.41564148431888,19
102.95099603958512,93.89906120502368,74.64262030570252,31
103.18681750287293,84.14648021214379,72.61942051385543,31
117.31599603571496,119.63196332823529,73.68453120401585,41
130.7059793471581,96.23733538730602,99.96246849064666,39
105.89353858289712,76.24032743866589,125.27380966297916,1
127.0387895181786,76.71858956478145,110.414624036664,48
99.0524458908552,49.91364277914925,107.0669294763686,51
132.40093636219126,66.96054939706765,66.10726386899822,33
108.576811821061,59.22706447408962,73.72012950675736,16
64.51786372368996,56.48082144486519,85.01580799747187,12
69.93621227152724,73.33789777624642,110.9875260413828,11
107.58701713912684,68.09952321864365,104.81336187978629,1
110.4384619816524,70.90112017182913,122.78725922128216,1
117.99206348689803,56.61842703965003,74.04788465375624,16
113.58462815644418,53.027335055041206,77.0447886790576,16
108.78643206102473,71.96324073395961,61.62985169668851,44
99.53384105200752,68.22730769986717,57.60755911172576,22
69.8450084374094,61.39244421571164,61.08020774828783,15
66.2100242495722,56.2767193422928,64.14041384152101,35
62.21117284192525,72.89013294241406,80.30104896185152,32
68.77695569964956,63.59198079425804,116.78213723533533,54
65.94063759319715,59.95250879770827,117.79191328173656,54
93.7172618445657,54.54661791015032,94.7999900102248,21
112.47619728906956,72.93919075340042,120.13103243572728,1
106.70490692398296,93.20561093976244,106.59707592005302,39
111.42602481002612,114.60915567789937,106.8604304886861,10
129.49147761963073,121.44474755389366,114.66785884763338,5
110.34654026799596,128.32613863942566,103.34505433821452,10
112.42401857605188,111.1538304963561,102.40811125454071,10
120.2456761284261,110.24056324515048,118.29744146280048,5
127.68653094033304,120.75915990534796,90.26234341858697,13
118.29524919471758,116.69895625091723,124.69295175349376,5
120.63368729081944,121.93001782023993,91.5023236293006,13
98.63983360969344,120.17778576198953,66.31600982697496,42
119.06688713361946,104.95003961915744,82.04996325242026,19
115.5406740563886,112.53783424111523,66.114068948735,3
105.35687136175233,123.63851082326762,89.18494208860518,27
123.3749178954812,114.57050319665798,116.89262982431931,5
115.56148380464784,97.7164531840281,123.75315143573116,30
105.26891533021698,88.76203462753618,121.72481375820792,30
111.89471165474188,101.25714908264844,104.88282823211586,39
111.73098784937017,107.0892696920216,111.85458843220356,10
124.24146402070004,118.62888342404418,95.01711453784776,13
103.09169779597607,115.58208593480104,71.25059106279728,27
102.33327847137532,108.62810866313283,81.46044702827221,27
115.6232648815994,124.12014404076868,62.53377248524552,41
111.73728549975051,117.13980185767312,89.86846114342109,13
108.7191425240421,121.76169042460984,98.98425048106807,10
106.54601276623228,126.41603279081106,80.67301632309058,27
125.93002025853444,111.54598072938563,55.29828837848457,3
116.01107527023753,91.80992855967192,85.6676928655437,19
119.19804356684324,58.35296241009892,104.1074423603071,24
111.4036624874612,83.5673574240454,122.65953415654631,30
104.12803224243154,121.95705710444062,84.73377971064475,27
86.25975445566661,104.30821552564214,123.74163913339204,49
81.65860787511764,122.89458531236964,87.18139026690731,43
61.8359241811918,106.5311952462889,58.71210809883669,25
67.02658032723708,48.31541647150968,122.60742766133376,54
70.33712983470873,103.65892182452048,100.35884449574084,4
91.8430227726248,125.81169743897112,112.78583593736218,20
109.12898223881336,124.70698817595895,99.92521120428336,10
88.04519971094737,117.89990018950104,104.50609329819278,20
106.3881632900211,76.14610495681085,116.08394212603866,1
103.2824831794119,74.99731925173073,89.75804788722753,21
121.59455961080324,97.34486673053335,51.84940197865194,38
106.49044368487044,94.20281089857856,101.5683839058769,39
131.16510728992247,99.5672787086494,118.52893263765978,5
124.31094106895976,114.33566893716063,94.98030888032991,13
86.59131900620208,97.2844095633922,57.646739622219016,52
72.73371551659827,68.80415902843038,87.77927038584751,40
115.69732048240007,67.89683201929365,90.51184244483154,24
124.37795744514308,125.7765319886481,123.67021964990003,5
110.55836548312476,125.67159081075268,89.58648294181864,13
112.9964785470148,89.6125864298666,77.98216057900935,31
115.60109217707328,54.08888108021724,98.05201131423942,24
67.48425646243929,93.0690605157667,73.32715900454697,9
82.603651028897,100.88642147593768,67.1350077854673,52
120.81118604799914,112.41316539906138,67.0622137652337,3
105.68600400283412,120.56190240738816,77.53740565187346,27
131.5203512024659,87.09434447819521,53.6187913252227,38
107.97149534749116,64.88452639012198,64.22451730552265,22
104.2653381467436,80.6774613322323,79.28263420480452,7
128.49708363433177,52.970009413430304,103.47965739759825,24
113.54024216632452,73.18725667054436,118.09400736301936,1
125.97794725592249,49.5116967371248,108.03037059084816,47
82.28544462321112,75.66347241221192,114.22316964371473,58
76.98238602150519,67.36776862399554,110.4332970248618,11
66.22722454266265,82.90690618243687,104.90901380727472,59
74.7864272494853,53.6512017920966,118.35288908438936,54
63.104230753954575,93.246554747314,86.76756603391489,32
59.44390547497285,115.29201935077504,123.786159460543,28
69.01694962367986,127.48582131730228,99.18198058544246,23
44.57809324353404,121.54340118138808,120.57937792445249,23
92.59493963367396,115.7818678923422,61.61847718204943,42
73.92325857928927,107.76862663966776,93.62308948618497,18
60.35881385650984,123.58655480103612,114.81269236246604,23
106.40324376722177,108.42493634595108,113.5430853394708,10
100.78698535195682,114.46368701904008,102.54428092409373,10
97.47727365978804,131.23669856465557,119.01495718795408,36
119.47704977929187,101.10708040641843,93.64831660945444,39
96.13239155228608,116.20488893616492,57.21006932149345,42
106.01662438395084,98.8354662718038,55.172761232934775,14
100.41518959840086,104.60088385495534,66.27237901850444,14
131.04938715545282,121.03140843537624,83.7787169664011,13
97.7107954449572,113.0009104622118,71.49168957904355,27
115.28270522886191,61.047469733143885,70.69929571195695,16
77.63811969045881,77.17513162719519,59.7162562213172,37
61.39711100665615,57.4270307851941,73.38312534313141,53
64.70616147697565,93.5904804392198,73.06637783158115,9
53.27382761293827,65.80840554890246,120.10919365836556,26
62.88934321642167,69.69245283179374,67.38566184333537,29
65.94379693703321,54.28559933349763,55.26178293490055,35
55.981125899624026,50.23485431828797,57.7907880481193,35
102.44577679962954,54.44485462035912,58.28774532938316,22
132.33613470161663,70.41987848259902,55.67229972054329,33
132.23996710607165,49.00557242685158,94.85850966253678,24
126.51832956592057,53.28900840849433,64.31730492782862,17
105.6223348324906,72.0128176263314,58.05902907545798,44
104.69643780633648,56.59324848903939,78.32937854148754,16
85.8162211753557,63.563384316026806,81.75103117889505,2
118.54118704108924,60.60326297536511,64.47382118957006,17
113.45560646404545,65.10918460484037,102.4830182227451,24
114.26422260357717,67.89210276916803,127.12860138521928,1
105.62808739881064,102.21445367275416,84.03373248577827,27
121.6612801814982,107.78001464835552,54.5686509108332,3
86.58718315755875,128.77765400536094,61.85182879198081,42
60.52365742136716,104.23802375568152,71.20114131187059,9
52.935700797936846,107.01003351870725,62.45607130855117,34
62.248845016900894,109.65898402817864,81.21255641480037,18
81.56498711378984,118.95512628714498,75.45396276428217,43
51.84337457355749,107.6516478568687,54.109138710734165,34
67.48062313350454,110.20668898211083,61.55458566340322,56
67.2641781928443,111.9751315648472,69.38908083649217,56
80.5017687760333,127.14991147086924,70.31880497171625,0
62.07004454205072,108.26203248140546,60.12634694399421,56
66.86849916931958,124.55853145820848,51.59296205529713,0
78.69002120833262,118.07610331132732,75.5446973002746,43
71.41973554885999,112.75846468732914,62.66581407253928,56
64.40960138717422,118.25415650606344,59.01793032282278,56
73.91875060271357,126.77735406025354,67.99511276671905,0
66.48849426657699,130.68782368667826,70.20801631676235,0
45.474594561372015,129.7585066337762,54.86759563311188,34
62.55963620281791,109.43926847275112,69.39612736906776,56
72.99604184507584,126.50202112830124,61.47716406622494,0
67.2616265993528,107.32671434101546,63.27974621704029,56
70.8231936620733,119.81757410651976,69.42467638944666,56
74.51236156854102,117.6168354975532,69.23340087551958,56
59.09323851886116,116.43935762216954,57.37818247622528,34
69.17355847272913,119.87551382441916,61.835918537077546,56
67.50006665461238,116.3708215002688,64.04634632419362,56
60.59766534397716,124.59437014602813,78.66448632207813,43
68.65969240577961,107.2374020587112,65.11631360954853,56
55.16695004572836,111.84901416549144,58.46432133733786,34
62.39859321067771,122.4984564119472,67.0488015194452,0
75.00052563249139,122.86280255850632,61.72572579995233,0
75.22387835773995,115.47507533097628,59.76679905513709,56
85.75285632544592,107.20746100382584,58.23430115203361,42
78.0404380124998,115.8726129185351,75.95323340404904,43
52.84251172055581,91.24953849452376,69.75844200472574,55
62.108428968987255,60.221066673089055,68.74161170270844,15
58.167392598152325,51.23188622278161,65.4378058824492,35
69.87336202996072,70.98147204215626,65.4793256227322,37
78.54128306597492,63.87838062002631,61.481706574743846,57
67.58350414096545,55.08400167244229,69.2881195977473,35
56.58993951464629,53.93931710200813,71.63478636775554,53
84.40639130381867,62.950767210777705,76.82787352045769,2
68.41089888965999,61.412553575647,69.72190080108457,15
63.776528014480434,66.36921604946767,62.293575734863246,45
72.72451133684892,68.63266799528557,78.64066745001973,12
76.38283211581604,59.2559434065539,66.6557147033895,57
61.01872489743111,60.409191871385616,59.3994550074264,45
70.12028260223659,71.81225017122676,71.60717127662589,37
52.81221309418945,58.67041028602129,90.52131048721186,46
57.289685452698194,52.19612520804366,65.26322656445964,35
66.47581585306705,65.69973334653471,85.76739004247733,40
76.82347554349094,57.688601274083055,81.18178087927616,12
56.24348096834312,50.62603352572632,62.05390036439998,35
70.07206857128334,67.35399705412529,70.6449034655551,15
57.44824186287468,69.20479157950827,67.68882864255332,29
55.84520165444005,60.26199843860178,77.66257724789008,53
69.39433654964054,57.34793418072779,79.88952753286343,12
62.76679253456078,84.65997408061806,67.1214104775474,55
46.65643336041991,55.35903181185319,56.846484882746864,8
69.51199820953718,60.19403256454834,77.95809974613347,12
67.42077711473257,58.786244995767895,68.69195775178515,15
89.19108890151307,58.86039075693266,78.18731293532332,2
80.39703130928339,63.42292645496237,72.53646504273631,2
66.05180148469681,51.571126380929066,55.986745623355,35
60.67387114321293,69.871163706855,71.19958203731517,29
43.74369042141199,41.95904650442006,111.00735620242315,46
70.33451694873546,72.80627371352226,111.23751832893544,11
97.45476168355178,57.161221095902185,116.5167989854628,51
115.62940288405386,79.1360211013848,108.46088022768735,48
111.09044008657844,90.31062346471288,72.95263956686324,31
98.87585934215366,54.52357691504736,71.03558871666496,22
59.52133502943944,73.77246015898184,64.24326995176283,29
61.8431182054307,59.44367893261692,80.80587425711066,12
63.60360399964071,54.10128080113916,60.82241954218986,35
86.96375211194338,59.420536265692085,57.96493774104137,57
70.70523056879293,63.9337116814456,64.11881663954473,15
61.14267186245306,55.85370802324432,64.68859150904048,35
63.536220167537394,67.48345084975954,60.217025448984245,45
64.42620023568851,66.01247062755736,81.43779871529333,12
70.33151773353323,60.41806399397482,69.96469522717882,15
52.111686950085726,81.20466304960944,59.05469609140611,55
68.19859535259225,66.8223482715645,79.52973972857683,12
69.64676164404189,65.28335025759813,59.58230791144447,45
65.12077626968308,51.52398681963533,68.23895736656101,35
85.43241064075283,83.37448173232065,78.82915663093912,37
73.82553433445811,66.26872533394874,66.34256848378034,15
52.89662692621533,58.2886339831384,50.02193600771588,8
59.374502226236,109.638482963982,110.50148239990196,4
69.19881944730575,110.54061026974098,83.6062527407615,18
68.0965159728827,128.3388364108286,100.81541854858284,23
69.05605324745646,125.77282046159148,101.32005976817136,23
55.62105736040344,121.21546981029852,117.96786477088756,23
74.58855921528138,127.77194836826884,111.37630044347934,23
65.55333896202947,121.2226819347556,126.6867624517441,23
54.40525646547232,109.0503326642446,106.99059658730614,4
76.40774624857225,126.25424812764672,119.74123345564765,23
67.675837319229,104.85792965703126,120.4594808572126,28
62.99478062432687,111.52015215332868,108.77905897480964,4
52.45230085760041,127.67231379801284,129.35277516160468,23
60.226171919320485,122.27402555304174,88.90585556659467,43
48.07870727490178,121.62979091324412,68.71874548639148,34
48.99982927540336,115.8265775373756,67.17928115951305,34
85.92277801904112,111.14786898797212,59.90415093324554,42
68.20856643254044,130.0996598731166,90.64052942511772,43
61.79975943348448,101.01621959389674,118.199556280621,28
98.0064846939103,120.3284719468972,95.98611391709244,20
116.98945968762251,122.06787346956038,58.51063716175497,41
99.50778865792164,90.13207496960436,71.0773280308249,31
115.50329000822956,63.9027866960875,122.83149758838044,1
101.56399799129842,95.9284659293386,90.81102403737592,31
108.45592873935584,104.55486937310148,61.98560811524317,14
113.4150576465471,50.08835900619705,119.31474261105706,47
112.49246029769888,87.62144677241768,88.81814572693771,19
116.40594335580906,58.71317894154151,99.45631923545356,24
103.39311513073784,63.84833404327923,106.98617057907435,51
117.74267924014966,78.18359840389513,125.35364776246496,1
112.50597914812376,73.4332774563202,113.84244043757482,1
102.91127080139437,59.10081614110206,107.271949931911,51
124.44708394320716,64.95686099760857,71.19777942346249,33
82.09035818151861,62.86531155989369,66.97013095554509,57
79.12100505901627,55.938643323995926,59.22825005010373,57
58.44100599843848,82.70488585375774,62.24889294494984,55
66.45767736564802,63.689427235486185,108.30695835998948,11
73.96081874093882,105.12425092650312,85.31382467057027,18
76.71611504392732,108.45699421971192,123.88471538355522,28
84.60394766026096,119.81678839767814,101.6983664290378,20
66.20655265769712,121.89384529077572,114.55068903105108,23
68.16405196792634,120.7221986247806,117.908460455362,23
67.23540843069799,123.15095756249016,109.0406169790487,23
107.59544078492776,91.747814965442,102.71942405304834,39
99.8699875314383,79.32721243257868,113.64081164717572,1
124.47135876382798,52.48627045908179,94.69002641992331,24
122.27485226705616,56.757567455386976,122.3016628764285,47
114.38111490345548,58.3265424893612,115.11583261664995,47
103.31388486434209,71.08381482606336,109.7557096147197,1
110.56296770442592,53.371057315719135,122.1518809433404,47
108.88325286698765,75.29558866805137,98.62086067904964,48
101.34458078707934,66.03469615042674,113.75883642778008,51
122.25259485526142,64.25177374308646,101.4958485311989,24
108.31125813745982,64.81469162060081,117.2264900643215,1
124.53448842242352,61.80177485708471,113.48898339666168,47
119.66706222514028,75.87677516752045,112.38821757644402,48
119.4540734416374,64.36642636316307,109.74240910504038,1
118.66253132624752,71.45894822722386,107.4664182995619,48
120.2895653726657,66.35467804175593,121.79701301465468,1
119.88526317739526,66.30088588771831,118.312529191392,1
113.62141488433473,57.62140708078033,122.38062724145392,47
111.26349281333182,63.98265909056318,109.77550690395564,1
116.5297059629753,66.52580191092845,113.49447309233196,1
111.02788175635332,66.53788484830238,114.73225967155058,1
118.656056839527,83.91219049662645,100.469612846044,48
108.58455769040005,46.763823580402445,116.37600471394336,47
129.86232679302188,54.62382019036637,118.00423762517327,47
119.13967186228064,67.46127386514071,121.56356901257914,1
130.9701542654014,65.48533852031811,104.6024129580636,24
105.83592683049592,61.73391490436224,121.7122904601652,1
107.23938070319478,71.53100173510705,99.04365521119048,21
104.01443786522248,77.10336361416746,124.87726530905768,1
116.5079815019286,81.25947874561083,105.67229327140554,48
110.50511739845724,124.829045439806,119.79171462966056,36
111.68250653567962,125.12905365143033,111.19707341093802,36
92.8726411075863,94.83422459420603,117.8865488133028,49
67.14713470547436,95.31944728253194,123.98140440558517,28
57.86107356635468,54.1403448864661,115.77647473745463,54
58.67348814985631,70.78569880699675,74.59903220698587,29
52.55259257019071,42.95732128450879,63.66248994054815,35
64.92834599002248,64.9899188266612,52.10192787045165,45
76.02164868197971,86.59681727037095,64.20804873753814,52
87.43822102016969,61.774665914590656,121.43374307603248,58
108.61700441873346,92.66295224287316,112.84911336593848,30
127.9696659479904,115.98727747214248,126.67797829812775,5
109.92292969361424,132.86095648620406,106.83132418616398,36
119.1913643598048,74.45180558521331,88.11004172279773,7
91.73191333337029,67.82760905452935,71.26073156527193,2
68.70044265263803,59.07821320941418,68.48716427835542,15
117.88172329790436,72.20289261200878,50.60099493493268,44
94.01442556804912,132.1022325365554,87.5237440828721,20
65.9997534146191,114.40871176752776,123.89316904069432,28
63.71504543029614,106.26910185407638,55.3623113425714,25
61.75603608309932,52.528072217382864,74.42009956521095,53
88.4101631461079,95.27845026215648,63.100872720236985,52
110.09220311074552,67.29539110282214,115.80193603147634,1
78.99822048794132,105.094738262884,82.12876385231642,18
54.966434911890566,122.9887593891165,58.648759421272096,34
52.95640176256195,46.84865724934517,102.93685962987196,46
94.0519789346003,63.753659613972985,56.41928592016398,22
129.42499025988175,60.56753679989645,107.63418170982132,24
115.95217484573077,111.19807459829204,70.90611056069646,3
106.0518447552965,112.0819554109646,89.24480245535396,27
72.50997187066167,122.22167374787628,82.79814405264582,43
66.80162393766493,101.88123539504798,86.61291130875455,18
61.61740679430733,58.64930261417764,93.17047949550216,40
116.09939197451205,64.57382928745616,73.61412987074621,16
108.05998844058551,79.04862943275978,77.26704100887213,7
97.07209830316503,89.04721511317668,76.93198890070667,31
114.1058617598024,139.20961271855597,133.4225441138216,36
135.6001465955673,98.40404714216056,83.19311217480582,19
100.88620626129922,98.86819436228213,54.22459041135071,14
105.34822837562524,54.88814979798698,59.61086930027142,22
100.78339857260464,61.910837934224126,108.1903640888008,51
113.79568060120953,103.66379887797348,100.13886695009332,39
90.67505972824904,111.46775924368964,58.11255059729545,42
110.59814927191498,72.4245941319943,72.28209876355554,7
70.18953865229426,54.945217764590566,74.49095559534261,12
75.23733095599967,49.573581324498605,70.17728463356676,35
94.11296021496123,59.92391411720435,95.36312140164038,21
116.1287345715027,71.51796466413002,106.94054366413792,48
97.11278208287904,120.49015854934405,66.33268456714941,42
83.04623581628672,93.04689042488064,62.993170043795615,52
54.40770325494016,54.62696194407623,55.15545315021905,8
79.02387021810388,48.44387720711125,55.375229563443966,57
81.18530839862093,55.77478726047713,102.88004884211252,11
70.05733159483792,104.9298843122574,97.96936137507744,4
71.17116156076194,102.82010385112396,72.61401573291306,18
63.933130960829786,92.4834086179552,79.38354547580617,9
73.8318090678116,115.7569377838216,73.20258350049117,43
70.43766892503659,128.7610429373242,84.36933743696764,43
61.48145821174228,84.28110122461197,107.74460753466714,59
76.69286697047856,74.42087009813704,68.00345613051232,37
86.32712512266852,56.01589040284937,64.13121417956418,57
64.26981834465485,75.19627196455768,64.43822571664872,29
82.08714228777654,71.51913601502635,48.217065537857145,50
62.30324738458074,98.7861156516683,79.1628983549773,9
66.73439589373156,64.56114027075863,103.50687772996764,11
72.01884965966116,92.92406944477804,66.45230324036005,52
59.93462159714487,49.01460807293704,94.59351407626764,46
97.13720237309732,85.3922883573011,61.69686453043274,44
109.8851889403639,63.823946515517655,76.7952200184035,16
121.32378460516772,82.3932206114211,60.12376966839566,38
106.99579724041097,73.94625910012614,81.51308375444529,7
104.24571146715982,64.05588396665632,62.98905861295379,22
119.77219672492214,71.90962173847483,51.32510158472677,44
119.51196908836164,58.89099140661052,74.88590134301523,16
136.41861591465008,68.50051283862412,54.8310538462731,33
120.09738090021924,56.01162967314772,51.57169826384489,17
105.51045594111991,75.07754842531675,63.94471236877361,44
127.88685854304214,74.45392672718326,58.915699222354526,33
120.95213001190749,56.15790170339444,89.25399685693039,24
121.735745993236,71.48147741403902,81.48331142265478,7
110.40584024413334,72.87276692377529,57.75720979478919,44
114.60612252197666,59.64019559082135,74.72228828810013,16
130.9516429714093,63.94737040718721,92.42534288110588,24
119.10976225880304,47.20758104044753,111.09318466568035,47
116.661436052512,58.62037390813278,113.13417089341826,47
119.15991184892994,60.69201107818319,129.87998497226482,47
109.8305414058878,64.81040861167789,107.4964227469899,1
115.78343846979284,68.9911328992847,60.89664853676269,44
116.51486719677148,59.323892507195325,47.38301900120928,17
111.17436155901784,61.013941418011086,72.79571142787553,16
116.1604140152274,52.03146403620679,70.56126569931637,16
76.52014128653977,67.19978099559123,65.38134009814077,37
58.3530118681938,63.373885807158125,72.89546333428817,53
65.23636096169248,68.82416033783575,84.61444284585484,40
75.43452581733632,64.04254203589412,85.17554579512242,12
57.055517675018095,59.854309142138376,112.2454363978145,26
69.64092488230344,69.49241689326851,113.91412468240128,11
51.79943964874492,89.33554892558732,115.38599969582609,59
62.232385889143615,46.24785918274024,89.89843061806552,46
54.81596602435724,78.5545824747217,62.01895623333014,55
53.56995685545136,66.34498903645186,70.18562473850074,53
95.55642445870072,56.32258965862437,57.77548100953614,22
123.17713444518908,64.94636032772003,85.69140488089243,24
102.5308486693412,124.70014474320205,73.75106762363177,41
83.04935054498306,79.36805428024363,85.65131179321783,2
69.9912619077553,49.879027459410565,60.87099663571825,35
63.0908548257427,53.8116305330848,48.16130337287719,45
96.23607446346097,66.68391569418534,67.03942461320673,22
108.1014758344368,77.3150655991085,102.78117644248027,48
92.54504543699214,113.28251114310096,104.30273272635856,20
123.05702231434108,106.11624756633124,64.47177720239995,3
74.76098113482391,117.76958786426944,73.22565492102153,43
112.75345618248588,54.55726995015557,78.55183633038533,16
121.57018668718932,71.84843085122615,56.86197411320118,33
117.66586510922488,55.81136424610688,110.62808876585952,47
76.33152096353139,86.94964047946236,93.47478162111034,32
100.8272537622288,116.79403577185758,85.55010481089838,27
136.33567698682373,76.45403574784962,71.69527161605082,33
97.01383811947296,74.19512802097036,73.64352264963857,2
46.23613855212651,58.60410649408904,49.96525730118227,8
63.72122321552316,79.55786047049497,56.700539153014944,29
45.88108098342253,105.6451274862663,93.50984088512608,4
71.84470618340059,126.78410127283212,123.8889708294021,23
95.167166447657,87.274182735591,121.60813150915423,49
47.30963461111258,108.72916065778269,94.864779367522,4
75.77095940610768,79.94097482315497,114.62838389683274,6
50.19844846756102,63.53114686204153,109.59519079119816,26
64.03006469382609,48.5615288703491,110.98995136826476,54
61.95397305654428,109.92665375508616,82.88374808466095,18
116.48782426544103,111.77906104128203,60.5639165510921,3
97.84930669624184,124.2042256627963,57.58364304792497,42
126.8009763525054,113.5064049737628,63.22713267425814,3
104.0339192781329,110.11922913063962,60.79241528855325,14
125.22894857374293,112.90627413493073,68.47035975011968,3
113.83001751570914,120.90203754153188,74.04941348155506,41
109.117482002879,114.771258844376,67.6148331149773,41
96.37481634422744,124.68347956483058,52.08373278777191,42
102.73195211747148,121.97810549544184,51.77729238188414,14
121.94694315515603,113.50908724567458,71.5890818242856,3
113.6938635434682,96.3599079729706,65.08880744678521,38
108.10595537277813,100.80452443004228,68.61574900136793,31
92.82336049138642,108.90586980702273,53.1344224408956,42
114.08684178791748,109.91160826496646,79.44562404318746,27
128.12523724209316,108.36200893491434,74.36809763844768,3
131.10571113736634,66.25887416437045,69.10833693899441,33
131.3519377537778,58.10228929864291,56.10142950348119,17
104.05214126805132,63.27855962109562,60.31948956989452,22
84.2408371102365,67.26433515639893,81.42253536205142,2
131.9492615187222,84.05151008869586,49.10700023142252,38
111.6856741821368,60.587972703798094,73.67456803474481,16
111.427852270887,51.79105483582577,71.31370674883539,16
117.4313938966935,66.16620597668822,66.64056752228709,33
116.815688582359,77.92414680516359,79.28502373300633,7
113.84094697328791,57.43681977060286,76.14701322028327,16
98.71941646865282,67.66351387575072,54.293536485662784,22
98.80686051712202,66.14859460579189,56.28252810083673,22
121.43694827390242,68.41963071283861,69.8981902722796,33
122.96746156719291,61.66857810597104,69.7962732323608,33
118.83012520213568,72.94606367351447,68.09532497319688,33
111.298635857815,87.03414591995612,55.90193549361052,38
110.86617861170936,66.74831638069317,69.24716451045603,16
131.27096344093545,67.00087500204464,55.45093082105621,33
102.1181345537262,86.7300352435303,62.07559971127399,44
114.373609644501,68.10311154109003,54.59031956574076,44
113.6233190361764,73.34128103202104,73.53096408779422,7
108.10454749716509,74.62399196917823,58.823354823535816,44
98.80737059843798,55.67368335006258,72.47047383438493,22
118.84936989709476,61.14081726261704,70.9385784604683,16
107.22458392462508,78.5428376273286,74.20217768150633,7
103.11957440822356,115.96835297421396,55.579107842197246,14
124.0639005765716,118.22234009687024,54.69800029112012,3
104.41206899147896,93.99224608832932,75.25075234591729,31
116.1231005296594,82.42479908819918,74.3592700841019,7
93.54820790620344,63.867729393871606,71.39250233679125,2
107.92641249828228,63.43353861653619,59.18917744129729,22
118.14690672866853,77.42887705705267,60.74112746895704,44
127.42738886972498,73.0832075070983,57.10143915890577,33
112.2947458524918,52.77812386866569,64.65738044888343,17
71.4608010703961,82.12759048825504,56.27611583493618,50
66.07645610482406,62.21514718069673,59.87454632942055,45
62.57003935088844,68.53268615173752,76.89912484244199,12
63.01176559974191,79.6220205244017,60.648657484840754,29
76.09764251524967,53.40823554423573,67.8549661915991,57
64.52390577217123,56.37493933821819,52.34457235007025,45
51.66795145352291,82.02985731544933,66.11560394534455,55
78.38364559579243,129.34949196643743,61.521538205639736,0
66.53208970186124,104.2019009682416,106.28038140959642,4
64.57062081554459,105.304174758895,58.05653012103524,25
66.77445183812266,112.41606011000728,70.38566211086247,56
89.73517492580336,117.48563629480265,60.17877461227876,42
126.7576224342571,114.92880506682305,61.44925957971548,3
121.31117104063284,101.599145967147,72.12655733764136,19
128.51977622084723,108.30633817802509,71.43894051118029,3
121.70825868602827,117.88747510981209,67.2473683499094,3
124.57198010228498,112.8708221983572,54.07213757596208,3
99.808598564092,120.15769642734364,67.62532945619435,42
107.68105606560604,117.68620728522828,52.84102273729192,14
94.3035707611495,123.51832177419304,67.9042016380922,42
119.78092867211024,113.64468140975652,71.82302032751211,3
126.2266964327588,97.19187257451256,78.46816851008299,19
110.3437710209908,101.95463781019544,75.24812160200153,31
125.73568266790797,117.28512059431849,78.97450076418811,13
105.85779864210538,122.90233533359832,65.96613563147486,41
118.82976222182567,113.45757124919167,65.00486833530367,3
117.78044529747795,115.18481004951283,57.5606244090781,3
113.56566830151242,104.7077383604704,62.26319897794944,14
97.28083405330014,118.55033325935293,74.93824300329088,27
108.6101608093402,120.19814387722732,78.92975044637267,27
122.2707280058741,96.64170067957404,75.86461177439571,19
123.4682031270848,107.3201264013915,63.19281302233695,3
136.5224948128196,90.03145538763495,58.67777352273261,38
109.13186347875752,97.58805736322624,48.18304303158455,14
129.58183897081463,126.11832958954928,57.29685277154874,3
119.25888907761112,105.6325056115217,63.54208627160099,3
94.99899555930568,109.45828580469411,82.6345477941468,27
117.10454546401512,121.48476841846433,86.39395695661683,13
93.22703556409654,106.2239179382139,79.48971711856035,27
127.36811628756564,89.39029474781138,61.67348891821416,38
108.11439208466464,104.88741751877484,65.70551025670197,14
122.32808862548625,92.13965449000833,64.55719918985795,38
88.40375246082132,119.54969798536446,57.399895301884776,42
127.03999593813936,95.58240045255776,63.85662038822459,38
106.9085380391844,113.17397760011944,90.37502902926092,27
110.81879749860369,129.9042799660853,66.25886051368492,41
122.30962163576456,77.90303083371332,80.07940908399885,7
110.71673784172188,64.02600914144332,69.19289250307392,16
62.008085767653775,55.525472391661246,87.8060936704058,12
85.6143146625615,57.56320835505799,56.141302761309646,57
51.39646737272878,68.27425703758807,77.15768441290533,53
77.33763980030446,73.49171327468517,45.44373662780152,50
59.986743175601,45.30516457847969,63.86370384889786,35
73.23477847328404,78.04391118796913,59.562921754534976,37
52.08778128126789,85.18593146825249,61.00224000394384,55
66.57348939281157,62.51898225115112,73.46923679317811,15
64.41873350968447,67.12001489386424,57.190408951175954,45
56.13715519645707,93.7668918476072,80.8117478622005,9
91.2141612879559,112.33285966875722,60.801459324047855,42
118.01620754016504,96.82237043698927,73.96873431046795,19
119.55895823180508,115.90823057495392,64.8791777742248,3
128.1979377792712,107.89874244076802,106.66515770864598,5
123.07957504887464,119.89765845453744,117.489726932461,5
107.68259216239652,112.49239141389606,107.4942899406746,10
120.09368107117476,106.78023411832872,101.65071091098014,39
107.44073205247514,129.18211457446455,116.07373578026017,36
135.45624334162622,112.75542708530126,110.00430762532908,5
113.99713923916462,118.13053440591392,103.30882700372182,10
119.55985444605496,74.56035352123935,99.4634685420996,48
101.42477422053476,71.56244938018514,75.85155489516627,7
119.15233308006044,65.06613725898228,67.51594445631474,33
98.12470230351346,77.8112155353501,62.58822291554028,44
122.20403236997645,61.76614007958232,60.453384401213945,17
88.90052958609472,77.53677970502757,55.90604724168134,50
50.5023733658253,61.27811905548554,58.95811577481452,8
55.75697702925591,65.61565555949774,55.089715970145896,8
69.22489470210351,78.00807558178937,76.15777440425023,37
72.46075520373584,95.47474982727012,77.49716900544239,18
68.37131665141226,112.67266427434107,83.67556685619464,18
48.55132005575576,100.07247804962984,65.29980915952457,9
55.62890773570629,82.16201853603127,85.52779086421884,32
62.67087212126694,121.3087607786995,61.15121197201082,34
81.27539740722067,115.2168747466604,75.97076227720405,43
59.91469445706255,119.63847886789542,70.90366071796434,34
59.66032428989505,90.24052868179352,53.74472977286985,25
62.25493189538065,61.32791971878822,59.54931525149466,45
69.4339575426205,64.70248487868498,66.4543306546284,15
68.16491157822175,73.99430423172835,83.37365404476922,32
82.8463003011355,118.49122907561852,66.83268554964484,42
65.67611296516743,113.75830206517747,53.6134683080431,56
54.09412573571986,81.33954096462485,67.17986731410396,55
80.77428315360311,54.78911760215277,65.38745709952579,57
48.6091204951421,87.6379056114591,56.51453857918101,55
64.06443661487545,109.94016919645772,77.13565111376032,18
104.37805428120986,98.57909220923914,96.64304238745508,39
120.55082865337764,116.29844341869712,120.36990394381502,5
123.85802458089964,109.9374880687234,113.62491872196745,5
93.7265721447047,120.1954280496404,99.14010272949604,20
67.5315569049634,116.9541082215618,86.26458393827369,43
65.49463540976461,112.84919607973433,92.80039008659702,4
122.04937596845812,107.84451645826309,51.84392716812323,3
123.05509720141129,98.7029299543429,115.74886876597498,30
95.118489658542,116.09775694258482,114.90048252764036,10
110.31628725995816,94.09744157078516,80.80932099797828,31
110.93891890332772,116.88079102284,56.9060779354224,14
107.56921073585136,63.60913899173416,89.68945646096641,21
106.33410938278612,65.9244705694793,48.11459325681364,44
108.6737573330232,64.86610026429764,74.66194652513113,16
126.86832448736789,62.77104667168518,76.49911400678788,33
88.91969003646506,51.08141539666077,79.14159920692346,2
57.81846644994424,72.82092070113058,64.40669456087444,29
57.73110348817975,64.18795032465408,59.047450213310334,8
62.50976946618219,66.64894298011197,67.00316494155989,29
68.92699358929245,69.69674439155912,58.76284437973933,45
54.46494861788747,85.02164245048377,63.58927343155178,55
104.13660905863937,68.74940299791729,79.99934674671829,7
119.11134562508668,79.79817271589957,65.20057465414902,38
113.20505271154192,83.59504005318126,88.0979239039981,7
125.77580346590696,112.53504301424464,58.02355651091127,3
105.49569530024596,116.54014635815872,102.96042379929236,10
126.48349280807172,102.99936775258594,118.7261222274647,5
113.27300752081008,120.92773407516374,61.60401307783187,41
102.82975949299144,79.38611985274716,63.80452570402823,44
112.1888879936453,60.93881493447955,76.24831671191077,16
107.04232614577164,72.02495546826523,114.27926388811991,1
90.17290526169424,125.0502751125724,99.7833107643886,20
117.72335439926567,104.48149741657984,85.7832131242122,19
64.15592671872217,101.14431375548553,53.58393343785411,25
76.89995491706362,72.30305890250254,68.6810273338935,37
121.50355879232634,78.39400325856012,58.76038854097994,38
79.95640877929513,57.196598335522985,80.44163080821103,2
88.91355408008266,72.8360721327198,65.04453999633924,2
54.746519623014095,57.39432473079388,75.28907656358165,53
69.15038111302476,67.51250560600143,111.17842607554827,11
84.00601339432829,96.09727756829564,121.89646173863532,49
121.91427751483846,83.92133663575837,112.32027818882726,48
108.09245632459192,113.2567097074312,69.78926837050076,41
101.73965959404478,57.34364955198183,128.24152423297193,51
105.6946383543406,89.69539933740705,82.16249852042812,31
58.17908495188716,123.75574839047178,65.54071108240406,34
69.97796182974318,76.37715440928021,127.0180275045835,6
113.95673814969804,64.59688373329904,60.11238380083231,17
49.27646858571396,67.60415543451141,96.19171501551811,40
81.16289947558747,61.58293133454063,120.4753086604434,58
85.96036796883345,122.71489450109344,93.90321397702076,20
122.64197259346274,66.68308647710795,71.97034929913634,33
47.339390991834215,68.7298002294949,57.88075757931982,8
72.01892648988624,70.6218018168326,56.96453827383512,45
65.17972300166414,136.8945821202938,72.83207820308782,0
112.39551683749258,53.11733827730368,113.95498465551717,47
