alpha1,alpha2,alpha3,23-24-32-37,24-23-31-36,42-43-51-56,43-42-50-55,61-62-70-75,62-61-69-74,cluster
114.6136619424278,118.87096727725209,66.72837334191622,-1.2038911109726744,174.5208232608787,-15.755607192580893,194.55160230597295,172.5373469667674,-4.580406454899297,0.0
114.86156730838539,113.32160292672147,63.560166321005966,7.6480776452897645,178.57163063350635,179.97873431988748,178.037549748268,-3.364124579361144,164.73895139301862,0.0
112.29034961482338,119.56515827787288,64.35292118614328,11.987628441468203,182.1465304699864,-3.261620553794934,185.70099238503173,218.10994687163029,-10.822027186264334,0.0
115.74399992552716,111.598600852714,58.60000449579334,6.007503382221676,188.90170438759912,5.961826543130577,181.25695092153887,186.4086471562042,153.63161661684188,0.0
114.20588217074868,112.52614231104421,60.96681790005577,177.7879312237985,177.95294047557985,1.7867718267855777,185.6511947228887,185.63896857239735,2.8363774559712898,0.0
115.84787590050264,111.53015124388044,70.07196415697321,5.541948432240263,191.1221885481234,15.685859667920326,168.39892944574382,5.601116099922001,157.24439914153325,0.0
111.10418627099573,116.9139296686561,67.57276327474871,-6.842822096179111,190.06086094638235,14.287869528593436,180.38112159283511,189.41012815998616,17.668630360807494,0.0
86.51349831589789,100.97081802705527,111.61984386014966,163.74082184445345,174.59871255558673,3.905559676288525,192.35000564964028,189.31495855921509,-24.27884449672406,1.0
89.3037006025225,96.64217068536202,101.77558241761659,1.4965619154478778,181.08949088805238,4.018348767749965,182.70985656983524,187.39683098802408,10.531042530155373,1.0
89.98727998153068,98.8681845509638,101.5973989404321,-0.8801872624389793,173.48220692188843,12.756656591884603,176.6082396197753,2.519178958272653,188.20039069996997,1.0
83.13205153329963,106.62329080890234,98.62323731982336,206.02562611252264,-25.26928605411651,7.900039024309305,169.14046777859951,175.5768491251073,-1.0548177583184577,1.0
93.29837399702168,100.08284078240996,102.72138750023451,-0.2245086141714182,179.98717877387324,177.99141469001984,190.6900532747296,193.6626137466249,-0.0976746339550686,1.0
82.42893901875624,100.22960917577933,96.7553353919215,-27.68296118725815,172.9982240516556,16.10964110424987,179.80438480465796,146.30904424891168,29.593587546771158,1.0
81.90742622879897,95.93157203634615,103.58954258898883,-3.213621440519689,178.14015975395424,196.29349988974283,162.0268953696534,-11.764313727080848,159.92012100012832,1.0
90.4377656690117,100.6910229531039,103.26079733362938,-12.150303981025171,170.7572151781817,-19.914047043173568,191.61607562067553,180.43032841161897,-30.314330208095328,1.0
78.42904228423687,106.62416486705426,101.63615163441884,105.23711533888326,133.3804156447477,-25.6131854144551,189.72148084228112,206.36129748563008,9.46252288626627,1.0
108.12007444872958,76.04100425874591,78.42191864873378,10.504125321674971,172.79390198556294,-1.4397840718216384,185.6785865275084,184.2720056169569,4.436807785573697,2.0
114.77695696305409,77.54840729911331,77.21095442506557,-14.044655414942234,163.0524170271444,-13.461981021177914,182.65134661252446,15.149034883791828,185.06943934449347,2.0
104.09211617502926,77.47049264244205,75.37482130904041,2.8791752358478986,176.39262626350188,191.29253862728328,190.3457959211676,-4.41606181718568,192.5502325334588,2.0
97.56166066625364,71.1617131978345,83.36966955926762,14.346496106198211,165.19448087531114,-9.215871034961369,181.1402482027312,184.60997318203584,193.8514042413027,2.0
76.07703430097182,63.55680950364174,92.04376939741243,-2.3565269501409025,171.94453762118889,-1.6566602903408323,180.77252923573982,185.1216722911875,4.607948756652144,3.0
71.19073228195052,65.08295735184696,88.5009925349601,8.587598370653977,193.85679080906127,176.1091323870809,199.94786041935677,-0.17002777683994363,162.8162393221392,3.0
77.30767548583239,75.0678349906867,91.24491750525436,170.55369029670038,13.641373657800829,-6.023026536575155,183.6789959724296,220.467553625445,-18.06934505968517,3.0
72.96821168316409,61.864054175711125,90.7176581008018,190.60696364949342,169.13520926376233,8.952660432276016,201.32802534332518,167.58375558111382,4.5007177653780746,3.0
75.5997126298113,62.96610443633921,88.5117876223063,1.1118391407223336,180.477152574923,-13.9722179371304,181.41724104902187,185.0482556994123,155.37289811945027,3.0
74.05934412665638,66.34815757326115,93.03976701305908,0.2435693202687115,164.0119095372756,194.4551316534036,198.68734438118187,141.1855754126157,172.04514008857933,3.0
85.2080402807346,100.36157268772668,57.311430250067524,5.3087504111034285,177.32911914198607,-3.1292273437835263,185.33677834061822,194.97392850165818,-0.5643600969634069,4.0
86.59898644826859,105.15334024349268,56.10379521504867,-2.3650369928162287,180.3392742521149,-14.421800053443794,172.57956605456653,-6.215455100216608,187.69935478172727,4.0
91.89962291392175,93.97569955180379,52.849054182122885,10.790127022223354,169.2566268378847,168.06987787697204,169.158956203433,20.05187752117254,156.22570417217707,4.0
70.20561738994094,123.51279491920506,109.5761224233065,1.8382709420903578,178.39336268003424,2.479852676148352,179.84127807223518,180.1563584617688,-2.7403509586211383,5.0
72.31080586699846,127.4818481969969,107.41347341734449,183.83701320989434,164.22186709426197,5.199678199188708,186.65532186718843,188.71623485643164,-1.2663268145068145,5.0
74.13308689493641,112.87170709546808,104.35913964550136,5.946832192834292,134.36195213188972,40.14984093182287,170.04731442699892,-0.5332045239265107,168.42429841833393,5.0
78.16739944645089,122.70220466952064,111.61430493196752,10.574845961661747,188.24192692614832,190.1482839810436,162.0344857189781,175.68076295960265,-12.947748823742067,5.0
73.90081676075303,126.31079944127004,112.64154085968694,159.32506399348318,13.00418866598174,-8.569850107675801,187.31994474473126,185.74319285589937,14.22087197527448,5.0
99.80882392224508,81.49909975467563,130.60764264588985,8.454290909794217,198.14640077587623,214.98914161042345,184.15657868208612,-4.987040343298142,181.0274915462248,6.0
108.42992142409864,69.22631461875017,129.81453610012508,-0.45244847281200906,173.12756887233854,-5.713908188793891,187.29580457836474,177.57775643079523,-10.04099928113392,6.0
105.95564387364287,65.98681353000133,124.39624023306018,153.16210378754465,17.2889740563076,-9.192216126740963,187.11814812928674,176.74874156268228,-8.374378575141568,6.0
112.41858439422829,60.39322738492987,126.43912887084733,21.907349415516517,177.87591100404438,5.090200659221463,195.2412051661172,155.89252234680174,179.17707266943728,6.0
100.57839903114296,69.23462983286876,124.7257344466339,3.401924188193754,197.9343945179426,196.4924413073165,174.37382390296105,227.67647927218368,-27.217776629669945,6.0
112.93642685338408,63.06130582132675,138.5918317885144,194.7658613614321,145.87178764769257,-44.035520619565055,196.8151905483814,164.8397529853199,6.5416329675417,6.0
84.1193863012582,107.36382774305858,112.09069638969461,-1.306941709287119,175.2642375718805,-35.794153304316325,170.39481907746674,15.24320555721053,167.26851815754378,7.0
83.40438860456794,113.80403316052983,114.42986905557875,0.2423171853419608,180.60908149156586,-2.1645922844080254,179.394036749609,179.05964920403161,1.6999931507491868,7.0
84.77489412937013,111.33973995833684,116.05640601699992,171.24880387231295,14.935998633037281,-0.3238154401385908,194.79287704164358,184.1399595208039,-5.976115061249217,7.0
79.76612296253538,113.45181480299598,114.3049610020274,-14.646245393587478,200.63171886884444,180.78629745138755,198.1235911961506,177.4479831074054,4.958187915771835,7.0
84.51030165196704,114.54654180742867,113.10292410533178,184.27266152050655,176.9856246009474,11.39431175313127,177.49215438800314,146.7508155263148,-4.744947585396772,7.0
75.85269162143578,111.84896274115674,113.24948317605134,-31.698977177946723,210.6387888069016,205.2520261675709,203.1178238389141,-2.10972665249493,174.0789271904398,7.0
78.6987279628516,72.82247720048902,125.32661166068881,1.0071474643037153,206.7285149870461,-6.0651088217957385,190.88010022154518,172.68371987917337,15.884859669967417,8.0
80.39449473288349,66.14562751489585,120.62653081237195,18.572191210104588,201.3846369869853,204.62872007088595,195.13806439795948,-12.03872435102492,201.63308457645653,8.0
80.26637033845533,71.42517988770093,115.71644349858731,170.61485049873536,3.333103557125801,6.014337749143073,168.37577355545213,184.99719924895408,3.519568303452934,8.0
85.9025490229499,73.81354173698087,118.73449518867318,7.7215311800476485,178.08624207661416,-8.92908820748228,184.78696856585685,18.989693243790754,176.33852157882978,8.0
81.92443905512593,75.26330314688984,121.42724069334793,3.04943407572546,164.459387179939,-11.14286377499142,175.59695055624732,170.53008295997958,-9.007068781451602,8.0
77.0979754710971,64.17444014174009,118.42712602011552,-4.423576007667555,206.9515957694369,192.86488880513903,206.7207607397924,195.42435056466636,-7.345740532735628,8.0
86.7419133330386,67.03059754296397,125.66546376791246,5.231581401924608,171.4855769097935,-6.646659279298578,161.46719579548883,117.48381066163704,173.42486914321722,8.0
111.6656664569252,127.91688558883156,117.52818215069824,171.62286236817926,187.40858819541836,18.83623586852829,191.08125662828263,168.79906238043975,4.581894956832856,9.0
117.8222903027837,123.44551236589432,111.13240882938989,0.17057422645202835,180.64987607113014,-2.079190943918183,183.15160578123042,175.4911593146041,5.772325221527811,9.0
123.34828070344257,134.14824639176965,108.17257146882496,-2.241716420326862,169.9791264394395,-4.480935528187629,180.78997567315324,-0.9131182940451161,174.3996814057807,9.0
119.16418013644503,117.05345030919585,122.16607187494203,12.279848269883553,170.97132714458363,173.71521343501382,182.92411574751037,183.2079762711005,-20.50390025277324,9.0
120.0386916554594,116.17173753388863,110.23967013478779,1.5100453921783217,192.23913588808514,191.0907751615032,177.05464595334797,-13.259782183140857,175.97456932602284,9.0
83.62802341415171,71.59113051983493,75.17566140196104,-7.336578790004111,170.68490277223037,-2.4387691082331906,186.85584321770986,175.77154219669117,16.879526953593416,10.0
86.79472453005158,68.82518080439088,74.11848829730965,-19.405044869476065,194.86293852948904,180.32386351934827,192.04434690211008,196.5727076975579,-2.7359608782880867,10.0
90.94802549437061,76.66148778271838,73.44176514346879,167.82189506914054,-10.146708896827636,-7.740959450773862,187.15872495020244,191.24268458948734,3.366086108845022,10.0
84.52463397083241,73.58202500220688,73.3512633814029,-1.4523306676118355,196.1239323792247,23.906409333439115,172.3715711567666,189.41506405820797,184.08788908871236,10.0
91.86464434781963,75.82141105995905,73.48862478086234,-4.316970953172729,174.74796807411118,12.75537816431669,159.0926456239822,202.0904434968757,2.6832744714137697,10.0
82.20486216726636,73.30278449141994,73.67007662782129,8.407628512039313,194.5560685857789,17.30235874387809,170.76355252175952,2.372579650308704,207.4085425080266,10.0
80.01134211323199,65.67048060758295,70.5349572512418,171.7785464743567,187.45582361719744,15.622317437413582,189.73680103691967,183.04837929534503,1.4338751122496345,10.0
84.96732144463527,73.73014931985998,74.50007257773564,-11.395451264736845,170.128109031276,1.8958927239272199,206.4687544337124,173.66954275506777,-15.750817002844082,10.0
86.3386563294242,72.4432241773284,75.37165782439726,3.6754946580861,192.89056747250828,3.159008969335787,187.46657758009866,199.79553365333874,-5.105046211085095,10.0
92.37612981424216,75.27626718107702,81.10183271126296,-4.004919084627466,164.70276388643208,-42.516828348887216,183.1382779384822,183.08211794151495,155.84043362885757,10.0
87.91253291217474,63.58399618999555,78.18170122532403,-2.4711568296778084,198.03907109855567,11.494833572673098,197.9055510037705,170.6169923369951,133.9192141510983,10.0
83.74582030189815,69.77097014219022,77.98869405817034,92.62767707229504,173.4703907446294,2.2579667856199155,173.85734146939478,185.54609629978583,2.156899199453492,10.0
114.81149255515756,66.15424842648996,67.38582514988153,-15.717566044418318,184.30056715479392,197.76361540094908,178.53218401564317,-4.386606035138911,169.53649855454358,11.0
118.80969177419938,70.31752220853258,61.730348851244756,8.042595279676986,178.8180804743976,1.6494134357351058,182.78375672772825,187.66518319769446,1.5799153449259022,11.0
112.11092744243865,70.26147842856095,55.97865944588431,5.775321069050868,175.29232788171154,6.95170359952796,182.7719700577712,6.079259462824546,195.34522005930998,11.0
111.11523401040951,71.93996448568575,65.48256226379665,-2.55891915404433,186.1650304695385,2.3033782129995735,181.78870713006657,177.57144946201888,157.9959922360446,11.0
117.8806393008327,69.34096473894263,69.59504583256968,-9.028371446785714,157.2765001107109,-11.206014628399815,158.14270263693692,6.63863578858017,75.77637599481992,11.0
72.70818419813185,60.39450396343341,58.026709876760975,27.149104712347317,176.583596367557,-9.599179625356534,193.34147078778255,184.25335758863508,-2.7204877690825677,12.0
79.47716583241208,64.32564607593197,49.68432287838937,155.7980424485418,163.79642309352832,18.37838705594861,177.34444780578266,210.58111385209037,12.82215662415911,12.0
60.93021271645705,64.02826265888042,55.11441683441285,13.112309049038403,169.61924906557618,18.0419616718509,155.94431276748878,6.552908102461033,259.6676035702428,12.0
74.9036939597878,58.29149484648886,56.03808951148402,22.07073131735708,171.19471799106822,184.0934388599174,172.61603486486507,-15.716094912692448,164.30227810610393,12.0
74.99724409761689,61.923571053482604,61.95253442958604,3.6373745625864062,202.25201852744215,3.679413820632404,190.60456029696795,183.05721290080467,11.170169307107786,12.0
69.38254692161335,64.02952304443109,64.23290459428934,10.467035500914363,175.81054558249673,19.8417001149549,192.25462846204957,4.395781327841748,183.11290274862668,12.0
72.98793588406413,59.89491034516206,62.051441089534705,-11.480186530699912,155.3914783283494,-0.24141477376635953,181.13304955532575,186.62905329507828,2.1457363731434076,12.0
104.05691424921447,67.83609287308751,96.51699622046367,164.39394253899778,179.01348658180305,-15.54050638359954,184.92833564879058,175.93568971782452,8.555318518826473,13.0
99.80183017053658,73.30858198570316,102.78693859700905,5.2068090648844745,161.33238489033945,17.382811125239453,172.45084326447622,165.39067509852592,-40.17974105138781,13.0
100.79993401602307,60.23086541821078,104.01724060046983,11.197715622075256,185.50929555615167,178.01828660185708,169.70380940182122,39.81106644454661,205.500067429752,13.0
111.04901738967507,62.315165793075884,96.9547342628921,-0.4593221810436128,181.53928258981006,9.062499828532797,169.96780179050552,170.00611797917037,160.7345355295808,13.0
106.53139037855148,68.55035177758064,98.14542702118933,18.592323399488414,198.82021237041013,-16.487122681975425,187.2845148627467,183.7327018042487,7.996810309348985,13.0
104.4289050142134,64.62508065519681,103.00538767175055,191.04858519521127,10.404099405073001,-5.656572741225933,204.75929521501456,178.05894202531243,-0.4617915317860192,13.0
103.6626601370016,62.95519343332773,91.3204184968349,-24.04178037722912,184.2649274710754,-2.644929996924343,171.3939133183253,14.002163258318795,174.97021145098046,13.0
104.40931178971736,66.21683801804588,100.96531297350928,15.935438544943276,181.5219910499355,11.783539764517064,173.90511274749028,198.57855249203874,5.908417992722625,13.0
99.9352008430963,68.00495483203147,95.75531999413522,16.07528449831019,177.217264789248,192.48020606310115,160.68541996333067,-18.472852758585013,178.94496584753972,13.0
104.51431759985691,68.20250341489627,97.72368637858943,3.271226005129622,183.300041797131,0.8976113939667129,183.4899969616737,175.21287291949454,-17.974106261174022,13.0
105.7872079130804,63.350493734170804,96.23431983622727,-21.70660728751391,157.98081559366238,1.4336473419221911,189.91524275977665,180.8585604769465,18.62384015383006,13.0
55.83408075753728,116.30537714770556,70.9279759016775,-3.7580444046496213,179.80616803788448,0.5878328105761845,186.4811949094932,185.8664433594973,-8.215366610630353,14.0
62.55535546897718,119.46175566999356,73.7335468649538,-3.338917261618654,189.26478860354038,186.46253238566575,181.14870760484155,-0.03307477752535851,180.52495715290073,14.0
63.00609560103075,109.00416535036345,74.01452805710834,149.99718089674073,187.32918472776953,-5.682799407994719,176.65812099753225,181.98887526664305,8.482382709410457,14.0
55.1544614652812,118.82221952657038,79.47302461902096,28.17507778655899,178.46695195975852,220.4379103192516,173.89589253138382,183.9693087489436,0.6022061566720414,14.0
93.59496321165682,82.23210984911795,109.01550132477576,7.170095308294919,197.2143011316135,-32.55943518813663,193.8090579636279,8.340935416241898,189.4309633253445,15.0
107.46618492007394,84.2069734434198,108.69020278197875,-1.9693221789592603,192.691948258804,204.3698031868244,183.98552714263474,-2.94048964800126,186.91942604997516,15.0
106.19286291345107,82.84362664031568,113.3774586993033,180.68533907904262,166.49595807517872,7.735941371505376,174.72075508444627,179.79349473138686,-13.791976111676796,15.0
100.3932505277008,83.46881309509533,115.84043789981514,13.227667003705877,191.30545158136488,166.34909608898684,171.31382341249753,182.91878747080534,-0.7780968349071978,15.0
102.19011383370277,83.74973124108169,112.15100426594522,1.1752210656919444,181.9223579043999,-7.592668881011583,183.65492293106007,172.82236191549998,1.8623530954621548,15.0
69.53546326349698,63.76240377968432,105.61305779537979,0.9921855067739096,175.38375636849742,-16.141957607242855,189.69902806156864,179.05822022879082,-1.5232112719618671,16.0
63.04360091370876,61.711972924933,106.01498571319752,-1.1509100647814428,158.83871484298194,-1.1849199097989362,203.70511638691028,5.371355093956123,180.99114280593008,16.0
63.557210699364106,64.0979227804942,105.1809132178079,0.9442586568012248,175.391743969873,6.925177350942369,164.6988315543263,196.6446666410328,196.52999251649925,16.0
69.60537215056044,67.84747168930718,104.23932600020632,185.0709766647033,-0.04114762075678147,-1.4993503730782314,181.43189730258598,173.59147528678886,-1.1695567659496837,16.0
71.8065078698197,60.28960145604742,112.87855026040056,-2.0649640642843647,167.03844341600382,145.0666398814925,170.77176711725306,-9.561969114994618,249.9012001998479,16.0
66.36412558259373,66.42167372832779,108.48500149633657,-10.42614391259248,192.9717145543393,170.99715286196434,182.80119136772024,196.8041759119622,-21.833502618036395,16.0
67.31590396492551,63.78391035002426,108.87905275998074,-12.403769761422826,-19.46690189559468,-4.232875924700949,169.26794651713251,171.54332232141584,9.601067252648578,16.0
65.17167841627897,54.77107165960541,100.72121378370034,179.0922458898533,164.32796848081986,-29.49590993386612,176.61031921274508,206.96205198127305,-6.548062687434977,16.0
71.54236152151658,66.13950095254366,105.59554594279271,-3.956658006839755,173.86903151520528,27.53945601487451,172.1772352295753,178.83608851646233,-0.14174798162612712,16.0
59.12307055602578,52.48887277493055,101.14340165518377,19.97947559765693,181.89783509203164,156.61329143711308,189.5399178102453,19.45930329490792,174.49571774554778,16.0
70.0520211642847,64.02462977821261,110.49374892502779,6.856606480502222,163.08200240124614,-4.200744133529828,153.9877695604463,171.4787922798868,3.2115855915996603,16.0
107.3441522016251,123.8340099814162,94.38427218983612,-3.5952332956689395,196.5796805780689,167.28825840457364,171.30904972489157,172.31815237956823,-0.9831283500325932,17.0
101.76109468758354,127.54874100236373,83.20666001082407,-0.9506318507351291,182.69287017912023,9.192947675723438,185.4658279115948,178.2602752106066,1.3090625854136153,17.0
117.73410216676068,58.993858884191496,78.61188169214354,8.543407840405076,175.16424597338957,-1.165905779661732,184.99598261154412,183.99958616147993,2.559728019520612,18.0
116.06704801169482,60.91252042119845,83.20227492066661,-1.6189162347278037,187.63080363688664,-7.204309855824388,163.7778173769252,-15.41038252516373,182.76137882375053,18.0
137.00044667647248,62.53750297722122,71.993323966284,0.79724101550835,176.9571933027803,187.11866450909503,193.12792852363924,184.29375120982385,-20.06146214361748,18.0
111.93341899230612,63.654040824313306,82.4035594550377,18.061508469956003,173.90377285901135,190.5961712694844,166.23249749979834,2.035368217136163,135.52110625977218,18.0
75.71206181110043,110.13503130510546,75.18230799864332,13.11244528899185,166.75635156364314,-3.790771876736865,176.5341292076317,175.36733258613086,-9.583569195717105,19.0
81.80566076792967,113.20337046318625,77.25862951832976,-20.678620374834605,205.84692478493807,8.115132498368034,142.01279819700855,-3.638169017027935,219.95766694388004,19.0
72.90206820966958,104.8632314244574,82.38021507176312,28.81015457678468,211.09587758755248,-7.63940333963642,173.2264821759879,202.67849335062903,189.15136389758493,19.0
74.44881457305003,109.63173508847909,74.81555343828605,-4.233826059502389,176.26139957694534,3.6698005056199716,195.99599207119797,174.2612219255515,-1.586502431743865,19.0
77.93147924784994,112.2101873094949,72.69383122897882,-7.701608950149332,171.0637599821316,1.1529939477546205,210.9252973740825,-12.810752765592564,177.02941056384688,19.0
75.631723896081,111.92596709207471,78.01840557800251,26.538656488742372,196.5930533604812,14.405749950550097,185.9715544931821,192.55840797473152,1.8674101091923945,19.0
69.1361949615091,66.82934510484841,79.2652312943562,-3.882930438358137,169.968859582995,-9.17985071587366,191.37868830767664,187.731050224072,7.994286155301794,20.0
69.53657970671958,66.99136422004868,78.64666154136746,140.9641977819901,169.050868733195,-1.3817393856841786,184.0630560219253,167.55832178160878,9.572625128669452,20.0
65.51098770641377,68.43389580391197,87.20283071171947,-7.315824089859724,169.90442511640754,191.1783209365732,196.1886524130304,202.6187479733203,-15.534900420744108,20.0
59.99667732868299,96.61680330735086,57.67074267036842,12.7282960294033,186.22722906978257,-0.9995356910942853,194.63066816972395,191.3812662956886,1.437667858925962,21.0
63.67372571285656,99.50718941110136,54.60521805942523,-4.350282053112098,144.42892556543444,3.9070069367907663,190.03498328735495,-53.96843362642456,-10.62939877404898,21.0
66.32106629806776,99.53647531819519,52.68336622554614,8.166347780832668,180.83190472699565,-3.0339616604337785,195.38415340378572,2.0545855600300977,192.77894944882485,21.0
51.828470557374814,97.23624590412372,49.829902823472125,149.64830408048053,168.11034105318214,6.537941470316989,210.479155181619,185.5075182908046,-0.5964756846983482,21.0
106.09053722269398,55.16257992008968,69.67793449858296,-5.703241759049873,178.63446091456825,197.89780833852868,175.21622218294377,210.6630806997291,-14.31544797647026,22.0
97.92956462572516,55.561702243342346,71.06478383395262,9.202704302915096,170.41003286609455,-2.3979344064538357,189.197848891713,182.8299721217874,0.9969890330995078,22.0
97.05120531951827,53.10727764704472,65.89817855161749,-9.262736060817897,171.3546002582447,-5.688348605613926,193.3823862298881,178.62053226756169,167.88792056312286,22.0
102.0735802977289,59.47771413782181,71.84369398518872,-9.71621759978078,154.81727769092086,-3.1418562189084467,174.3183649631815,-12.950549763320709,138.0515217787752,22.0
67.17038934571517,87.41867002627318,91.82754368761745,-0.043979739995698,181.60299556515383,2.685263750248893,186.65498007758325,182.9286360687781,2.32435726065787,23.0
68.20099847870397,94.83067014504296,99.62745967910531,9.907007716685008,167.09187515339778,166.48241240953382,158.5485595847698,10.891150763424536,214.05517369250416,23.0
68.39945820474473,86.7072806597023,100.74626829986164,-1.1869590085628936,196.01511550021215,186.87912873632885,166.56150483582988,221.97851633351,-19.64684245801904,23.0
79.63787065141058,84.85709043883254,95.83966139273974,22.668017884871915,194.485041069931,-14.977526995317357,178.97070887352126,7.804948698926035,179.80934777285012,23.0
92.64090263656551,102.54396143605203,121.03504655049657,-6.880289391831301,184.52007270033235,8.513356707277186,181.65977010859046,166.30255675006342,3.5030620531480974,24.0
101.57712074750873,97.50862866848547,123.46329119928428,8.73287457906104,183.80506602326284,184.60279840709347,168.44791008753305,0.45957510685884806,176.880748079064,24.0
98.10247115740358,101.96425951959381,125.82225375158207,160.8257505668653,179.66685959699475,2.6856324138777143,188.7533222836667,179.0556168101473,-5.956065384307621,24.0
91.32905300780251,107.5835734011628,121.47974254060428,-3.364761721349865,155.5114196975739,192.24300567454463,155.44897893494823,148.23847255185683,-28.31958674997007,24.0
92.55080023493441,97.11543373814244,125.77197282007984,30.26886061542955,171.4225904949374,-1.5831324073896937,175.40458341538354,192.1903520514062,-0.6158027671690172,24.0
108.92687351065288,119.5154155566334,122.29399358111681,13.165047553517356,184.83137898988434,-8.624350940599012,172.41544037704995,19.626763521704238,190.22883617043237,25.0
104.53755336397401,115.31593327487508,110.86175369681536,-1.4524500725017642,185.79730359573585,0.4302498701426946,185.79007081296675,174.05228036024462,-4.082219832548144,25.0
107.60550440335828,121.55928385873472,113.83377391078425,-3.7800255019637055,187.3068897309384,152.43341776613445,184.3344460856838,-5.679983094065942,185.9524728355638,25.0
107.05297640769379,116.77436779061298,121.15568705469923,4.252993300618682,179.94600118904572,173.73949925531068,171.5437535035294,178.60014113802748,-7.128237250148826,25.0
74.79447755275821,93.12144258791197,114.80340718240883,2.903047475247986,185.73740971871112,0.4919480296253032,175.85160326079568,175.32155286441426,-1.5251753419373144,26.0
77.71718581833926,99.27672151810592,116.95598007256706,5.768521710281947,170.9158856617102,15.62449433751994,175.15021329252403,-17.838334455576085,-37.00273740784408,26.0
74.55319050722119,92.67645410253712,112.82499050093644,166.19363799326396,22.65631397093644,23.9629624256959,179.82773857737996,179.21360304188732,7.008440006597279,26.0
68.61657393491092,96.1179807224623,106.68866689127478,23.15978952443997,170.3907865931546,-10.963379971072616,175.82722783830718,-26.321545193124592,157.88198685579545,26.0
73.8804849304072,94.0240979619142,122.52209714003828,161.99031290528606,183.50498034838645,6.9931170907905775,183.5238241748155,197.8245141855012,6.448060696439346,26.0
86.5750598922733,71.36068886692753,100.74012092887766,1.1108994285325082,181.83316236596923,-20.966577760706414,187.9163507725472,178.7505254083156,4.472885730253265,27.0
88.66316001970972,72.8044899301856,98.12891837971391,175.4136269358935,-2.0940163972311736,9.55403740801699,177.5095012725509,162.10999874511103,-6.955434887070602,27.0
90.3191661470139,70.24338735412867,96.62500163301058,13.042835130637082,184.9066841021924,180.17933469988483,168.3054581920696,-9.764902383645206,122.18055760212852,27.0
86.74586070973966,71.56638187603662,104.05330586658157,173.28202611728346,199.24399200681404,-13.474727250769732,193.86082958063926,180.93422794395423,19.93440999849893,27.0
85.21897852051887,73.1653345706654,103.75132985398686,0.36102670820920496,168.53125110522944,7.79036313722035,172.12408276374163,171.526087260885,-0.008263874167435459,27.0
90.16264871058092,73.6194977272981,92.77992650690001,92.1341621019188,-7.985466460957694,2.896950163201205,180.36202283845114,171.03760569083124,-0.8500821076028489,27.0
73.47166721654611,113.1678622269185,59.971846413228924,-24.87614446990861,185.53226797726185,-0.7296170907062853,171.9342497847114,-15.749861624322248,166.39550313268575,28.0
70.01870314382883,116.16085151991633,60.396890928522005,5.248473303811466,172.41974254723922,-2.439463911321053,185.29567726233836,187.5653819906273,1.0501667978793694,28.0
76.69199151415368,115.77423326840837,54.693064080523584,155.22617890679436,20.72411828091219,20.271946838088752,191.6165426248039,181.86055258192224,15.845484652062158,28.0
73.14148375384217,112.54781174763811,58.86928666999282,1.5196284471149195,182.91592531253298,163.6847245902137,181.98909837240925,19.107529478773852,177.73226545100567,28.0
71.81423472375829,113.1392545626092,58.45893852230124,-9.087112690172242,184.88845971237075,21.67996188916852,208.81507639154677,194.3754419170384,219.7050623303516,28.0
55.713953794661386,113.26148787722217,105.07836149375402,2.5586034590263123,179.71192296382893,-20.400045139700165,185.4399881911077,15.56154756255291,196.7366851836548,29.0
62.253559081268,109.32407442235804,104.52633953797488,-1.4844398362523146,180.11033076465878,-1.3179064161757736,179.2992011595666,179.2080517745948,-0.7522976265581063,29.0
50.03995305273541,101.37270946453512,111.8877747775559,154.26956972110628,-5.978503326776707,-5.3175336567211,159.8001970120224,163.09602980706322,-23.26149417432821,29.0
58.94738964581067,111.71279905678189,101.97561953186074,170.53357819998647,171.57760888222242,10.62045598752614,191.46869730850707,160.41299570825274,6.240705545502799,29.0
48.62992370600275,109.72090365795977,101.19418711858268,-17.504278797653324,204.89586273959523,195.81741915444428,172.4264032659744,22.803751441757434,190.58912962568323,29.0
65.43172050220956,108.08549002096088,101.85925678221771,35.464795486381206,182.05518480209275,175.66115950079234,202.7694112009794,179.6785494720598,17.131535624744142,29.0
111.49235644940283,95.83453918767256,67.28822943411426,1.992783698590221,183.2018493886322,-4.115646710994986,183.85142846532364,182.0149002811935,-1.3124388355380583,30.0
107.34070528303285,91.55271650886759,64.69723294187119,2.405407712986633,186.31404329784013,188.71124687607028,180.6252769120366,-3.7683396323920335,181.73585392686473,30.0
104.1997527814424,99.0351022556426,63.010111924611145,160.54392294535378,178.28316593404696,7.976630842294262,186.160743539909,173.7475084457436,-11.409918231900312,30.0
119.40511536433296,88.84929556339094,77.88400045719641,-24.19462618696656,173.75985540110688,-6.620275409805469,160.20396113786344,-3.1478990189917107,196.52657587448888,30.0
117.32289551657692,102.51556950393936,66.33135525326827,161.9170107742623,2.2999694468090346,-4.662027392965621,182.86269483685987,195.92053546505304,13.185340628866626,30.0
66.41894169156626,73.89014626048622,116.44899338508776,1.8101890701290213,177.79677690683044,11.791417269253683,187.8383654184597,9.28477769593736,184.23974051144742,31.0
66.1620043653858,78.48560624864157,112.65671804269444,4.815642923214166,182.18552147138615,-3.265851015078741,184.45682525331023,180.59963231518296,-1.365355728719502,31.0
61.07013929448195,74.00623112076501,113.15171665147534,156.03733515306544,-1.1823446089389797,-7.24755522686175,173.9595282686609,179.1309893905517,6.07413515277638,31.0
63.15519699224674,70.24039960796493,117.8949681050218,4.746397070289077,198.0191454073748,176.46640261336657,186.3318334905872,145.08759265207132,18.654854616736053,31.0
63.61471475553882,79.06497249294877,118.37561639045856,166.89569422378673,181.47154877071148,-4.639321794032993,182.533760918926,167.86568250257133,4.020436570574049,31.0
119.46036134934265,77.24090680913741,117.63038732067236,5.7544426159978865,165.32591815118576,1.13918030077099,168.98314328607677,174.5063491055322,-15.25970685570819,32.0
117.47822830651494,70.10002091416612,117.50504588346789,-1.1739117365029363,184.36279996354804,5.236755095073869,194.09205141971583,181.03112087934412,183.13078201068834,32.0
116.80299067915661,74.53297709378529,120.07780621096032,180.5192861384295,182.645976187075,-6.1583278505932935,169.84823877419424,163.1408958588196,12.094172712372805,32.0
118.78437232080582,75.85787302339729,113.23020576822252,0.6215270238371922,187.9317074360678,-1.6586456465282369,189.46409164792374,181.81487365418565,5.140030534653058,32.0
115.75521079262096,75.1871458750179,122.38474102183028,8.863301821390502,165.13187087260735,-0.9694409758706574,190.8928710076733,-2.017471243594259,168.8675821417354,32.0
110.2129708916124,76.90354559943339,108.26917345481998,12.241273372754186,187.05072004083505,158.11079653780456,221.77214161905013,173.2267452743509,8.39661054216248,32.0
109.84848569725756,70.26311230233672,118.42753309273546,3.209835586600021,178.08659613037835,-8.715072681819803,169.42926418679963,22.78583145353697,80.76380219548217,32.0
73.18272825696374,97.71336768196862,81.55932315220599,-4.490580416117112,182.2289575870364,27.62225774208499,170.78887870531634,190.59141966682407,168.14559056628462,33.0
74.5659078089536,92.26947685395118,69.0796879001105,15.428454242945147,178.047384409374,5.486466570910199,176.88044280622398,-4.982031921180786,181.14115382294054,33.0
73.3691620102919,91.17232662331158,70.78580928477514,-5.730946553237696,187.2145274760509,0.5705725451974217,188.7693101268917,181.27038401177438,-2.567882421007358,33.0
72.89227957394178,97.03140449840456,78.49738708930927,9.4683319641489,180.6790857313087,162.94263053437973,184.32356569194732,151.9941150722517,-4.7143949912785175,33.0
69.61228101064992,92.40613201588496,60.71915164456862,-1.1506194851870497,195.15436088047105,175.2846229840338,150.73434977167028,11.199035024078928,160.85809965996685,33.0
99.8620528307382,65.35794262701832,114.61886567764391,10.257954993058435,170.4399967214486,-5.732536037115067,180.29739456418875,163.96159374081705,-2.414407474955238,34.0
104.5519159391783,60.789674796140424,113.38876181677881,14.51136583787333,176.74364313795022,0.7535565630365412,161.3332782215151,18.946784984023328,195.42946994133297,34.0
102.75977587381506,64.96703960666588,115.18377273062724,7.360350659436469,180.65976873181316,173.43012302367933,176.22288103001404,172.34995800432884,4.996517613545153,34.0
97.51786588288553,71.01318724553221,116.92173371063154,7.281513112101161,192.0140722141054,213.83823257070043,182.47734232762696,-7.689993243327374,193.22718758595732,34.0
97.94631127152904,113.4330337397041,69.4649991350334,-15.202676348791542,186.58445707450318,7.738238949267364,189.52068263028337,170.13942281022597,-19.1858883964892,35.0
102.01044971163249,115.97754140819991,63.46376255277642,5.994035125285941,175.87829996461966,-19.978900563812076,171.26917733538372,-52.9635262041299,148.09951476270535,35.0
95.35218730709157,115.42552345862207,70.61466506451826,5.695306805323836,180.75289633843116,-11.973096377031547,175.7768576400657,193.64875121435895,186.71604439874068,35.0
100.23142589876485,112.82347195376461,68.83590564925532,2.945545123599034,184.38440116466077,6.143050798314584,174.76407430536742,192.90041906067648,-4.654210030925514,35.0
92.35618921850316,116.15692798422396,74.34056765331401,173.66195502010896,-3.770011575458491,31.07361086299795,187.4226607141933,190.28042757525017,-11.068185077267172,35.0
101.15988583691583,105.92882276111575,70.8998072414995,148.17036593183494,164.17423899544218,27.575727418349423,190.4041561454829,187.6459226323144,-41.99792955664799,35.0
98.14754849255742,109.53739031480325,66.54171285355363,-11.508180213024744,168.53171391715622,-8.878992800970341,182.92630416593497,183.3160203792516,25.7560186871324,35.0
102.22864731269286,108.54948417070966,68.3364240381953,17.62936039679136,176.0195158925801,-2.330244025124754,199.5200014118895,184.83788918533673,-0.06056295394248257,35.0
100.58726767967605,109.34884585447476,70.34508615300344,0.8629003025818339,141.5674061121139,-3.440974116008764,165.85747536498295,8.13553894588138,170.24413202541544,35.0
90.48799706124706,54.657575593092474,118.62640696090547,173.11071620478384,-4.954758486522542,19.36816732974691,180.3787990807398,178.20121192799934,-9.865594906613897,36.0
92.9496633421574,58.31327549246021,126.12073688553401,-0.014465862939838365,171.5925642200183,1.4093943097305532,183.73575648132558,170.26286097103443,-6.514698162735323,36.0
88.59150245549125,60.27605771626814,126.1708252473269,14.03207937827575,189.00362718104776,187.91830517510016,166.5540876379155,-14.738770540495182,188.6970880155841,36.0
90.42498018665492,64.384895188409,119.3162901221052,-18.921277318022938,212.31693050574532,-1.9514094129436133,203.93905179895984,-14.347218920679516,198.3060993434148,36.0
93.12996908091084,49.97199742371968,117.8115402833074,155.9649386295929,174.4314879374028,-26.69311539461499,205.2554119807599,169.42747008087343,10.010044779834772,36.0
100.02041373477407,79.2163731010583,59.656765908027026,5.533249013735123,179.00766357045754,8.932736595961675,190.45250890537412,187.37224656884516,-2.1482301404437174,37.0
99.1352152369596,82.96254424745841,54.01075673434298,-1.4363330713910987,180.94331730567723,-1.4488558893992232,173.86743416318885,-12.969908757108996,177.66053153046732,37.0
95.8964568119051,75.59599127338346,60.74905237498518,174.09315847790293,188.2640236415775,-1.620007736654502,185.02298975613357,184.1870332070843,6.699291499027869,37.0
96.65637173620007,76.22276312818323,61.329765513305574,-0.6726563062164548,187.2071194603963,184.3617029605574,164.19605811496595,-1.6760684104396302,178.59075182095347,37.0
92.76769573536677,112.41217600614107,96.3412970286521,-1.6350171629239927,182.54933288466668,4.036773591138806,183.14009099891567,175.92900637564807,1.5334147605093549,38.0
94.27842240345264,108.79932585648676,93.94386349549912,-4.773555577654359,201.555447877512,151.02859930401038,190.45791446055367,-8.896400635522657,190.60800903400363,38.0
92.41689154809583,115.20383067125333,94.72514075814644,190.78285455530198,6.718950068210792,-4.4182182038715725,178.08484870229236,171.4047429097251,4.534814706357611,38.0
84.67442804873643,124.32196165295144,96.47294568959524,169.5711303672349,187.95129163293169,-47.622943077690906,220.24829658664945,179.84722236030288,7.365196047318234,38.0
89.43379061554681,116.42488706181427,100.39522176663831,9.10882614193671,160.16405319529045,1.7235915661420982,172.08720414901725,12.245145445626171,175.2878517704751,38.0
86.23042384509105,110.40394072570764,97.859058355895,-5.393134846936963,183.16447972318497,174.2439389298787,177.09246829935918,184.9250038886652,-19.73786194309803,38.0
64.74117203079474,114.99954838196831,120.55054579283254,-3.987716923910141,182.99057187420684,6.294031220344265,187.61946244150855,174.8622452129179,1.715663145847828,39.0
64.90958734848655,119.57308394407987,124.65986349916867,-2.346378765934253,178.53955311047736,4.405572367257799,181.51791525151117,12.392296829513503,188.71448579291433,39.0
58.92336060980237,112.93018917276994,119.97054653657071,188.4225137064484,6.428257932064019,5.944171684744423,174.64806244198383,190.78210040646212,-4.636432307712047,39.0
66.77434140892437,122.01835681675152,124.10058493179153,12.89695306680409,186.22319058076704,180.83584573051962,176.24429023170637,169.742665263509,-6.777096131304836,39.0
68.67320559765739,114.5368585673601,115.64429512685388,156.71769221775867,172.32084272747719,0.051649782361833374,179.95112002164333,179.35125176422721,1.8308270043273343,39.0
84.73373801891066,56.788427160138674,109.11783301667047,3.015901245150465,172.96715564169983,-2.6680854637812184,182.50471913699278,179.47851432834548,-2.5733083108052046,40.0
86.32117171492918,50.84767206131,115.61627634824436,21.98121874234465,157.23235395047908,-11.690983482360036,169.81434281450535,17.391321926643606,167.0278226518554,40.0
81.84777841990831,53.59715073638024,98.59263348804754,160.2078573338909,163.00911714598877,9.947721542660291,169.12484991957726,180.75391034388065,15.711584938033534,40.0
79.0426523122443,55.91524674126093,106.32858721954332,-2.9102327686957947,210.52067755726867,25.32298037492582,171.89325711957977,186.42100839326972,223.2400089868721,40.0
107.06280178402457,64.02202135510466,68.52031114393859,92.1116322750574,196.10308971475885,86.45487062888238,197.6852757124724,198.90072958821247,-4.942870214338637,41.0
106.01354578401362,72.78034512016058,67.73409772611174,1.9710620347531251,170.34971840820597,185.18168202894418,182.62089390560016,9.42891496565563,164.00863959667947,41.0
104.2867064822544,62.00501074093872,80.36452884471659,158.08520110201528,10.350305514897167,-31.95064891858889,187.06388172460225,176.51612298999083,11.71213051428118,41.0
108.74849973679062,66.93045508930665,75.06166120638066,-3.947842663843056,160.30749463110064,-28.02161444864892,194.01333096660545,15.455405420517184,189.049200691274,41.0
105.84619899401345,66.8980299375269,71.39161560592153,3.021785812536143,175.67941450864825,1.8609689030232726,184.72401496501988,188.91815995986693,-0.423613743341662,41.0
116.8160249036005,56.75978442784465,112.80279129199727,-2.0880152025042107,212.6741612878086,201.11048689211174,166.26072948318577,9.951410406009526,186.4411046247646,42.0
108.15706989054308,51.346945266108946,111.44744838448302,13.336412975080467,171.6372972685876,-6.659357902798338,183.58152336611082,171.25123194282597,-1.3339454347125168,42.0
107.00081434326634,52.9349875458084,114.23380056376205,-3.5629329475512272,170.31328164714142,22.45566944728023,175.83545237415652,-10.283562697796318,-18.95093284235752,42.0
118.01996950678136,114.25813235380863,93.59387831304468,201.73823152227885,172.04457903896733,7.507924046688904,179.6071894591243,169.368610217296,11.633671510723007,43.0
116.06301706450058,120.58648144023788,78.72983545522278,-4.775497921440478,170.49016049555672,13.471431016616243,155.24296202428562,178.1875533508413,159.0477525936412,43.0
108.32603166558724,113.75225718667228,96.14884499733833,0.27803712601660235,175.29060538004168,183.011902039495,190.02518643719503,36.13077339261428,191.21586527394783,43.0
108.31106738264882,114.83675929860436,90.5434012970728,-6.922780890924025,202.28970702171017,-5.127919940960342,162.17194030212576,23.84353520588993,200.61266212101197,43.0
112.91533833940936,111.25427962370357,87.7982091719895,-0.7718356105834012,183.26339031128086,-2.274912611838959,183.55144355546665,187.64861889615463,-2.9036002662727074,43.0
91.50844788257088,63.26226732283524,62.071509103515986,5.686577278441337,173.27508100748966,-2.61360180588893,184.1535277656645,187.0895629458064,1.3312749553563556,44.0
91.23549322843077,58.53377651074646,59.305993423159386,3.431794040861257,181.02839754561265,1.8149109011833466,184.5456695287389,6.403130117284977,176.1968619282405,44.0
90.92108737607956,67.97773992244959,62.526755450474106,6.361282577286037,181.4642344965611,-6.772055931428195,193.28107953812122,190.22827973661305,162.11662353018147,44.0
92.32415735029672,65.82992979758127,67.87283545188826,-4.246892013847494,157.0914462998494,213.8713334608683,165.4266570852567,194.75048190166729,-1.9004393540994784,44.0
90.261052382277,69.0757144894228,63.61039979597475,177.63967146454837,194.57122236384183,10.154702874548082,206.48600231377168,189.038395869297,4.070711563819027,44.0
96.05655883672397,67.09382734245438,64.10054154269649,11.157319744790849,184.5442174318545,197.84946379390996,164.56676286980934,-34.48068447521998,180.15014825942336,44.0
91.25784526082008,63.86072839416239,60.68071804275838,162.83714542928834,7.153735152820535,2.482544479266411,205.7440634091563,173.9180360583784,2.7452395241741443,44.0
93.63568677904698,124.55845936422669,110.44514538270232,4.065783100639937,180.95238811261484,3.498812738132794,180.12145102918265,177.1864945532172,-2.2626367209989384,45.0
93.64185913191969,120.14660100504702,112.00549982281063,0.31480856642160776,181.97829054443895,181.44656450531605,183.82976483894237,182.0710944309695,-2.645263729116131,45.0
94.99396225340554,125.68516035309352,106.14411987785037,-10.622772364828956,184.03830318694781,-23.066489297665118,167.13621049592575,-3.394345812008412,196.2849698782736,45.0
90.83053237745678,121.40401835972182,110.57075507864664,26.744439729913385,182.9890325036799,179.8918376774727,168.76740656930272,-0.58679150721365,159.19251325610463,45.0
69.33765884060976,55.33999451570613,74.16833507153511,1.1249478843277152,174.06715381960885,-2.170287410032727,183.06312772201673,185.1639101495316,1.7441244791200425,46.0
63.06767507279883,54.39887508297513,77.16724867819698,181.51808229042925,157.8395036239857,7.79328584927,193.8779480342057,174.0606340324414,-14.652145279214347,46.0
62.9066132382583,56.19671909288684,68.81800544210799,0.730441644820125,190.996114247176,0.026217128754029,167.33659487958244,-13.025273202393183,186.17877280161747,46.0
73.33377850840706,129.5836442809368,67.86259805660036,7.132981043834202,180.93672211313643,-3.2111856731571677,181.111548432185,188.36077754193334,2.2131350819306803,47.0
65.3878803834513,131.8892154656774,72.89604308965178,-5.814906243783512,182.41182238465706,172.8390859423987,167.26660266410912,-1.2499183388566177,181.4936247076371,47.0
74.59782559443256,140.2611992417506,82.89143182976036,9.26426056073752,150.94972669130502,2.589946625201569,204.06468840704756,2.246671980293005,185.2608459322194,47.0
55.91264001860854,45.65055480517552,118.01506332579508,203.56838461456675,-13.07256984353191,16.784086966245614,192.15296056150532,170.11241200750464,31.58006156063088,48.0
64.38411919029102,52.35705416604503,117.67687719796486,10.085146545860148,171.05539293897834,17.030759652191485,175.75873269626973,163.87695813627676,10.481170617943715,48.0
58.98391502016262,51.62151272664508,114.60943423022934,178.75304201994186,155.49974685538575,-16.508356941779056,186.54009364852305,166.03256740730103,5.624048270821432,48.0
59.791108367507775,56.64113956322862,114.73400675647676,22.42986525547856,185.74604280977843,178.57897653591837,183.4574643289808,192.2613501597584,-0.1756965101616389,48.0
69.64954429765335,53.82652117014569,122.81358190670183,24.79471831248782,168.44170941439398,-16.616301469461803,189.49545878125966,167.2455316141285,18.32639520502065,48.0
61.27510465244913,54.121025408891136,117.85272845971099,2.210064208753313,190.54400757708612,4.4968907663276205,149.59131399052762,193.05965936823765,-12.118086138577915,48.0
61.80102016616934,53.26363785647842,113.89157124212878,-12.09528376320354,164.10539512294653,-1.984416560391347,202.96670036827086,179.08684045256592,-8.498902897140749,48.0
68.1098634615358,60.595440711945976,116.1249167033369,143.24909967246123,-5.661797786312227,21.821643052244664,183.47834987793044,174.91670488204602,28.13251699424225,48.0
51.91652542264206,62.98419151665454,109.10040611086136,17.33812768782867,150.9824042216628,189.74338917023263,142.66484538700814,203.33487852710465,-1.9503397970252645,48.0
107.75901680937935,104.12234138401881,121.94686180729913,21.137190807967777,155.32206057466482,24.492024158548645,164.34167229421467,-6.305513748954611,198.42802737656262,49.0
115.30989168749346,104.04269318748393,118.57916686135927,164.83466945429277,165.29457282277326,6.661886080451566,175.38086643427462,187.37825644620224,-4.169797784439116,49.0
111.93585489064573,101.76339005167159,116.1986546733006,-1.2708745453613721,184.52032985248294,1.3228615790562006,181.67363384749444,178.09278725868091,-1.1741227555893976,49.0
113.37876763403976,97.00878768927303,118.96785347470296,172.24433097060938,-19.865420154026225,18.22977746473412,188.52149947217708,175.54818213919197,8.597760501335289,49.0
115.11321824062077,105.02701559554333,111.70055696132941,13.863968589878946,187.62458216641542,170.7812317350268,185.967633360431,176.90940809681297,3.175955182085378,49.0
111.23121086609441,103.66381966605941,113.85586626370562,2.480225392370758,179.45145664608867,189.63689953558344,169.8470419991245,13.194014995816627,174.94635540984865,49.0
108.02756976209916,100.14478380714958,115.13573531781137,32.72940915493292,198.81747309254925,-12.744294892343332,191.349620638949,1.9972462333468672,-20.62878832627747,49.0
74.16348353870433,79.60861151313311,59.95644375876086,4.119280946174633,174.86752251040463,1.2509132857977192,192.19726242075478,187.67007215317267,8.198769705466647,50.0
81.89799555582721,82.58673756967022,68.23342268395486,19.54098970384043,186.8120329669924,190.07596103689912,178.0716577441573,5.369471623653254,162.18564229314654,50.0
72.14114006357455,73.7347651258174,55.21913597878955,168.7847286124382,35.110852659250845,-42.95332391944734,177.72628668551698,246.69954652898107,6.8191943506647785,50.0
75.46896798238615,74.98170838623858,68.90340990628474,0.899496934411901,167.32081986756725,173.68515084152946,216.4772997298265,138.30666992217064,189.4344338970726,50.0
75.68011282136649,83.74558856800238,64.32513842353721,171.92003087191011,154.50901057472336,6.0899949451487485,181.53471217890947,220.97284509575556,3.223643268998764,50.0
87.47284147620485,118.03155304730454,64.64912243921266,0.4085629313045228,178.32667871254904,5.384950097396488,174.51556901781962,205.37810008207325,5.734594392643188,51.0
89.64820218423857,126.47073452396852,47.36001485676483,-32.17794058357866,168.4510486079068,0.6230475440452491,171.29123691615305,11.237142417200218,247.9196143157012,51.0
84.1895997673153,127.328509827477,58.662835966811215,177.08171462757343,3.874801797213734,-8.453640614509153,204.53537649296112,154.05607607524362,-2.140410386175285,51.0
85.96493350867748,122.24669146587975,68.21846710322075,164.83849182221522,176.47689188048142,11.8864428977546,206.55585115914116,171.6118671478017,0.08353782439371409,51.0
86.0373741078452,116.75832065685786,69.27858463123022,1.8326610316113552,191.50417824930014,6.052257287874064,180.20903018795133,200.9391730110146,173.13745315297632,51.0
87.71857200093332,121.10531508902504,63.17807793513016,7.8240357027987955,185.34523245083116,0.40074754326482326,193.80424264727924,171.34005776969659,-2.0946057613365734,51.0
86.95352305954648,123.11988193582417,53.59304909362339,8.116220505878308,180.30044486956928,-6.227099232679529,126.44934643357897,-15.138486265422582,181.53341987288388,51.0
93.14285828179858,103.4029971934467,78.22548818235481,3.997909236387084,178.21489975257413,-5.265059374376519,188.36917754432858,186.20630938251625,-1.1644889263997253,52.0
96.7768838311342,101.93802212681476,76.66152345819917,2.809690984962068,182.34839166949484,6.42021190386374,177.52703410158682,-1.1819227532121692,172.41577728593512,52.0
99.03178715453105,113.38482715853576,81.1654708836923,18.62553678034362,166.66134232286095,190.6955272537776,169.49215033375492,-12.556984758174178,157.67191953749847,52.0
95.33079986203204,101.97370334383766,83.5617756472779,14.927305641466033,176.8395788565865,-5.622925234057403,191.56671542197984,-38.465576106761816,-14.35214958294298,52.0
90.2241335260908,104.70862331025992,80.77672424686119,2.056332821744063,184.7244478667696,-6.721672922935913,199.685015781009,190.77414500209696,193.65373847224745,52.0
75.03130606565246,118.71850548350885,88.34465794295394,2.8898298607084083,177.71926145899053,-3.221317791900759,182.07644541393012,188.45770975246862,1.9083964301588345,53.0
66.26175601350359,119.75876434609967,93.59734634937121,-7.758832393587422,184.59327619301905,-0.3633356895395412,173.13320524321108,-7.948857667705433,166.46643723351676,53.0
68.49760387545702,125.08862337589343,93.53391960881709,207.0508284003439,-0.7821240470036761,-3.27792731100201,176.93866073794925,171.83067208233155,-2.90286732502781,53.0
70.85992234120918,113.9657638876435,96.12551212485556,9.984766314903158,182.4146464514679,171.59231359515337,224.20253709573987,152.7833987660157,-7.5400591872215985,53.0
69.24873560334666,111.80607117126958,95.34475178641084,177.45518822995894,173.19804886874638,5.846020654465534,203.2485604602492,210.3252904898862,-17.79814251705635,53.0
67.7306106579361,122.10616501476694,87.60302575743549,-10.880402283652828,209.3320590866193,-9.3167867443829,187.7281583278965,185.87550449968032,160.8221323390445,53.0
60.20461166077815,69.63967643419704,69.46207397723694,-0.7321402934393134,175.58367837566846,-4.465691394762349,186.06947848353127,181.04689813071786,-2.165165023369242,54.0
59.12105603676973,77.71282369857491,66.94757226914919,195.65096120527429,0.9419725724015002,8.915033581221472,167.70869104185593,189.2288645631536,9.64095663079768,54.0
59.03714328998579,70.83707107229611,75.38751876649673,14.876166715654854,157.22194248706538,-1.0286431299994399,173.5199225716779,-10.999717104851682,157.25673383825261,54.0
61.91328398850925,65.59495074451068,67.38598151337895,176.1498911878807,158.75447558728288,-5.171385516759507,179.54487014062332,185.7064713993002,17.96363190072616,54.0
64.02354158708961,73.32940456914899,76.52591840015825,-0.0882660126484041,203.78237095922717,187.83902719768903,160.7898873690482,7.592412454999463,158.91220711188117,54.0
108.83265982150633,60.04501307022703,61.149271254752605,177.76396869088603,183.9936194765034,2.446975156439507,196.69066882937088,188.88964229631813,-18.62264923740991,55.0
110.10105185921138,58.93775148941629,58.35866519874924,1.6885985913959503,174.04969870962287,1.3379150158862625,184.82720790772441,183.2380201849549,0.1996218876924756,55.0
106.88779463767919,61.426143711827706,54.69633643952588,15.51318953540059,174.54612528707761,9.17502835478733,173.76443525295198,-5.916732694004723,159.89522852318646,55.0
100.95184968044192,66.96416444214358,48.63908312569832,-18.467365416327727,182.44717558044903,163.58769866079464,149.36825785122383,4.696461028506552,173.33517469492134,55.0
114.2339050344948,54.95107916692246,46.77949376278728,-10.842480094809838,138.07312452123583,189.5367301250604,182.34022009561195,154.84261240474828,6.273120074514354,55.0
89.6480110020071,58.99133620912959,84.64959935608668,3.350166333331437,195.89895976779349,-1.2550308574083868,162.16606950243735,190.74208162670502,-14.780907536623175,56.0
89.67007826576936,57.40258872925275,90.5820145653779,-7.519976732081844,171.48693553307422,-3.714039237681218,171.45045427342913,-3.9964958873884022,192.71492216737093,56.0
88.12317346399682,64.19963350652142,85.6257717312644,152.90633406718726,208.83942161177103,-13.98976566045044,169.322115122638,178.923019591336,-3.701462929926182,56.0
92.33729003148098,66.78989663761251,87.45605241115256,-0.4585993092391305,172.64546449610273,24.22137997267264,185.37429287414912,181.90812255622723,189.88536323648404,56.0
89.00255380693903,62.495612713050754,93.21654357507892,-20.000733038326874,182.49425081193877,3.120858808688901,176.28274986694882,176.88051729904382,-4.67161369397136,56.0
90.78283838915016,54.26794432734421,95.43552678621236,172.3870408329705,144.72690313631944,-18.844001309256846,183.37037532182484,166.7262976888019,-6.490678437046464,56.0
94.52656982159435,61.01385752435933,87.81888754342067,6.690674597174123,181.41759637863552,-18.52754844518085,192.00413860783027,171.2563796267122,-15.155740194614149,56.0
92.85842703399953,58.522261941292896,88.58363287077191,1.559481109156703,165.4853664896789,-1.8605589015511779,187.11238456168996,202.10041980533842,2.7003967009432066,56.0
89.36355168120593,53.90936076199846,94.47214346573529,-5.722558579149035,162.42841138906573,-49.46249719483925,186.2451494130985,162.8706774329647,19.825514123179005,56.0
119.85072599280096,64.75183826975376,99.79065193223173,5.201188811284638,174.30672169622963,0.22249255274333457,185.10314600675142,173.16747120757867,3.122912695941557,57.0
117.62015635984356,76.75223760195748,92.8377529608418,9.91469031678157,184.7364919655303,-22.70801088739661,158.79269283623736,3.017550692847744,177.3665967956665,57.0
115.83200218605921,74.11488634090384,98.90694618842949,16.468305418137174,184.93965686472987,184.62431880772158,168.23953798734627,198.07847667032013,18.77364328271938,57.0
126.13129719770626,66.81183655118826,88.03392880841841,10.89107368525965,189.85833434786872,195.3743411655403,179.5806892769272,3.982871716895729,136.58180580462397,57.0
124.33428068496131,69.93048681726523,102.4188447332632,-26.60078001602689,156.97177830037683,-11.363381494153364,141.60803140798708,179.3390502599259,178.00950273575566,57.0
125.32000257876932,65.65708890514416,95.74074085677094,160.13043280867012,188.04513910137288,26.67061429157186,163.0263080199167,161.61327109447373,0.6782667682532506,57.0
92.49133339184527,128.0709257368166,123.76879923827414,9.11989494068845,167.80451740796704,6.517327934346845,178.98543812374,167.23522112401088,-0.9093487595972504,58.0
82.04270392484467,125.19940423654351,125.12552610388862,3.409827189132033,168.0377317731461,238.53515981318208,179.86052770080397,26.407368869515224,182.9331702435872,58.0
90.9032952043992,140.0110554162138,119.94813879220224,172.78378047354417,183.06314246281977,-6.899053235221333,189.26141768395814,192.69494119469363,6.274852094354523,58.0
98.50466238878376,81.59736250582267,92.178877884859,0.6200476175567127,178.2964156992459,0.16050899938168992,181.74938322732785,179.326238890467,0.4279321286155358,59.0
87.44742482137286,80.29878154464436,87.47884095666625,-0.8089196783830405,166.99446727537654,-8.238922011017065,190.06389268767515,-10.649805158976765,187.72815004022232,59.0
101.68359547314454,87.29928447866197,91.15115190852852,22.675811357873343,184.6370192299078,206.0480445827349,182.4862269028104,145.85830460794554,-17.079366482337054,59.0
95.76712974820134,87.9278696268505,83.84251128591737,-2.9358564180809252,199.2410960122012,167.90472300365053,188.79113839673548,3.4434030185311144,176.37987202747132,59.0
95.5469708123618,82.3462982069836,93.60423274043026,186.75602699599065,182.1808564921372,23.75441753412167,195.0814796614252,172.73722194710786,9.992856109527173,59.0
